brand,model,year,mileage,condition,price
BMW,Hybrid,2018,91611,Good,16838.9
Tesla,Hybrid,2021,95681,Excellent,20931.9
BMW,Sedan,2021,60896,Excellent,24410.4
Toyota,SUV,2014,137757,Fair,2000.0
Toyota,SUV,2021,32836,Excellent,17216.4
Toyota,SUV,2023,90163,Good,14483.699999999999
Tesla,SUV,2018,85246,Good,22475.4
Tesla,Luxury,2015,48809,Good,16619.1
BMW,Luxury,2019,57185,Fair,21781.5
Toyota,Luxury,2014,32202,Fair,2000.0
Honda,Sedan,2015,118647,Good,2000.0
Honda,Luxury,2018,16137,Fair,9386.3
Ford,Hybrid,2016,108603,Good,2000.0
BMW,SUV,2016,48085,Good,23191.5
Ford,Hybrid,2015,57265,Excellent,2000.0
Toyota,Luxury,2015,83386,Good,2000.0
Toyota,Hybrid,2022,144831,Good,2516.8999999999996
Tesla,Luxury,2020,19347,Fair,27065.3
Tesla,SUV,2021,52057,Excellent,30294.3
Tesla,Sedan,2013,100287,Fair,8471.3
Honda,Sedan,2017,42314,Excellent,5268.599999999999
Ford,SUV,2011,7163,Good,4783.7
Tesla,Sedan,2023,138172,Good,19682.8
BMW,Hybrid,2022,68644,Excellent,25135.6
Honda,Hybrid,2023,118389,Excellent,6661.0999999999985
Ford,Hybrid,2012,38852,Fair,2000.0
Honda,Hybrid,2013,25886,Good,2000.0
Ford,Sedan,2011,119484,Fair,2000.0
Honda,Sedan,2019,112810,Excellent,2000.0
Tesla,SUV,2021,113635,Fair,24136.5
BMW,SUV,2011,129482,Excellent,7551.799999999999
Toyota,Sedan,2019,83138,Fair,4186.199999999999
Ford,Sedan,2020,129536,Fair,2000.0
Honda,Hybrid,2021,119491,Good,3550.8999999999996
BMW,Luxury,2023,79975,Excellent,25502.5
BMW,SUV,2023,144754,Excellent,24024.6
Honda,Sedan,2014,127003,Good,2000.0
BMW,Hybrid,2019,131281,Fair,14371.9
Honda,SUV,2015,18008,Excellent,9699.2
Honda,Hybrid,2020,105442,Excellent,3455.7999999999993
Tesla,SUV,2022,125567,Excellent,24443.3
Ford,SUV,2010,143149,Excellent,2000.0
Tesla,Hybrid,2020,27241,Excellent,26275.9
Tesla,Hybrid,2022,49170,Fair,27083.0
Ford,Hybrid,2020,68501,Excellent,7149.9
BMW,SUV,2015,49857,Excellent,21514.3
Toyota,Sedan,2018,95667,Good,2000.0
BMW,Luxury,2017,79893,Excellent,16510.7
Honda,SUV,2014,14296,Fair,8570.4
Toyota,Luxury,2017,143291,Good,2000.0
Toyota,Luxury,2020,146592,Fair,2000.0
BMW,Sedan,2015,42686,Good,17231.4
Ford,Sedan,2014,10074,Excellent,3992.6
Toyota,Hybrid,2012,95352,Excellent,2000.0
Ford,Sedan,2011,18002,Good,2000.0
Tesla,Sedan,2012,76381,Good,9361.9
Honda,SUV,2021,130222,Fair,7477.799999999999
Ford,Sedan,2017,63019,Good,3198.0999999999995
Toyota,Hybrid,2023,19504,Good,16549.6
Toyota,SUV,2021,73819,Excellent,13118.099999999999
Honda,Sedan,2016,79755,Excellent,2000.0
Toyota,Sedan,2017,110390,Excellent,2000.0
Honda,Hybrid,2019,142729,Excellent,2000.0
Honda,Hybrid,2018,103442,Excellent,2000.0
Honda,SUV,2014,112146,Good,2000.0
BMW,SUV,2011,105837,Excellent,9916.3
Ford,SUV,2014,67838,Excellent,3216.2
BMW,Hybrid,2013,96869,Fair,8813.1
Honda,SUV,2010,11420,Good,2858.0
Honda,Luxury,2012,46198,Fair,2000.0
BMW,Luxury,2012,42560,Fair,12744.0
Toyota,Hybrid,2021,16718,Good,13828.2
Ford,Luxury,2022,141888,Fair,2811.199999999999
Ford,Luxury,2020,108704,Excellent,3129.5999999999985
Tesla,Sedan,2019,116170,Good,15883.0
BMW,SUV,2023,79013,Good,30598.7
Ford,Sedan,2019,50942,Excellent,7405.799999999999
Tesla,SUV,2016,108248,Excellent,17175.199999999997
Tesla,Sedan,2021,69598,Good,23540.2
Ford,Sedan,2013,84454,Good,2000.0
BMW,Luxury,2012,54479,Good,11552.099999999999
Toyota,Luxury,2020,132448,Fair,2000.0
BMW,Luxury,2012,45425,Good,12457.5
Tesla,Sedan,2019,58807,Excellent,21619.3
Honda,Sedan,2022,84370,Fair,8563.0
Toyota,Hybrid,2013,54675,Excellent,2000.0
Honda,Hybrid,2020,72326,Good,6767.4
Honda,SUV,2015,149649,Excellent,2000.0
Honda,Luxury,2013,8531,Fair,2646.9
Honda,Luxury,2011,23918,Excellent,2000.0
Ford,Hybrid,2017,148904,Good,2000.0
Ford,Sedan,2014,26058,Good,2394.2
Ford,Luxury,2014,75051,Excellent,2000.0
BMW,Sedan,2012,71945,Good,9805.5
Toyota,Hybrid,2021,84363,Excellent,7063.699999999999
Ford,Sedan,2019,59797,Fair,6520.299999999999
Toyota,Hybrid,2022,46954,Good,12304.599999999999
Tesla,SUV,2011,131646,Excellent,7335.4
BMW,Hybrid,2017,13491,Excellent,23150.9
BMW,Sedan,2010,120761,Excellent,2000.0
Ford,SUV,2014,82376,Good,2000.0
BMW,Hybrid,2018,142449,Fair,11755.099999999999
Honda,SUV,2023,128833,Excellent,10616.699999999999
Tesla,Hybrid,2020,105165,Excellent,18483.5
Honda,Hybrid,2023,72374,Fair,11262.599999999999
Tesla,Sedan,2011,9620,Good,14538.0
Tesla,SUV,2023,46485,Good,33851.5
Toyota,Luxury,2022,33360,Fair,13664.0
Toyota,Hybrid,2020,143236,Excellent,2000.0
Tesla,Luxury,2020,6177,Fair,28382.3
Ford,Hybrid,2016,87531,Fair,2000.0
Toyota,Sedan,2011,37731,Good,2000.0
Tesla,Luxury,2011,89232,Fair,6576.799999999999
Ford,SUV,2015,64096,Excellent,5090.4
Honda,Hybrid,2022,136137,Good,3386.2999999999993
Honda,Luxury,2018,125470,Good,2000.0
Ford,Hybrid,2015,50546,Good,2000.0
BMW,Sedan,2018,45577,Excellent,21442.3
Tesla,Luxury,2011,50476,Good,10452.4
Tesla,SUV,2013,13704,Fair,22129.6
BMW,Luxury,2016,25262,Excellent,20473.8
Ford,Sedan,2020,115770,Excellent,2423.0
Ford,Sedan,2018,51675,Fair,5832.5
Ford,Hybrid,2018,76568,Good,3343.2
Tesla,Sedan,2017,54652,Excellent,19034.8
Toyota,Sedan,2013,42542,Good,2000.0
Ford,SUV,2013,22528,Excellent,6247.2
Tesla,Sedan,2011,66607,Fair,8839.3
Toyota,SUV,2018,27749,Fair,13225.1
Honda,SUV,2020,50411,Good,13958.9
BMW,Hybrid,2014,35138,Excellent,16486.2
Toyota,Hybrid,2019,128970,Excellent,2000.0
Toyota,Sedan,2021,17339,Excellent,13766.1
Toyota,SUV,2010,37487,Excellent,2000.0
Ford,SUV,2017,21218,Fair,12378.2
BMW,SUV,2011,144383,Good,6061.699999999999
Ford,SUV,2013,13377,Fair,7162.3
Honda,Hybrid,2013,61440,Good,2000.0
Ford,SUV,2019,106850,Fair,6815.0
Ford,Luxury,2011,81055,Excellent,2000.0
BMW,SUV,2017,138863,Good,15613.699999999999
BMW,Hybrid,2015,145717,Fair,6928.299999999999
Toyota,Sedan,2023,116492,Excellent,6850.799999999999
Honda,SUV,2022,82763,Good,13723.699999999999
Toyota,Hybrid,2020,130552,Good,2000.0
Honda,Hybrid,2014,28043,Good,2195.7
Honda,SUV,2013,13192,Fair,7180.8
BMW,SUV,2013,114699,Fair,12030.099999999999
Tesla,Hybrid,2011,74758,Excellent,8024.2
Tesla,SUV,2020,52741,Excellent,28725.9
BMW,Sedan,2023,42468,Fair,29253.2
Tesla,SUV,2019,124059,Excellent,20094.1
Toyota,Luxury,2019,102221,Fair,2277.8999999999996
Honda,Luxury,2019,59260,Excellent,6574.0
Toyota,SUV,2023,24624,Good,21037.6
Honda,Luxury,2023,17400,Excellent,16760.0
Honda,Sedan,2017,93414,Good,2000.0
Toyota,SUV,2020,84643,Good,10535.699999999999
Ford,SUV,2012,126284,Good,2000.0
BMW,Hybrid,2023,41571,Good,29342.9
Tesla,SUV,2023,7891,Good,37710.9
Ford,Luxury,2017,849,Fair,9415.1
BMW,Sedan,2018,108528,Fair,15147.199999999999
BMW,Hybrid,2018,120279,Good,13972.099999999999
Tesla,Sedan,2017,134311,Good,11068.9
Ford,Sedan,2023,119624,Good,6537.5999999999985
Tesla,Hybrid,2016,11707,Good,21829.3
Tesla,Sedan,2022,147402,Excellent,17259.8
Ford,Hybrid,2010,71132,Fair,2000.0
Honda,Sedan,2014,73465,Fair,2000.0
Honda,Luxury,2020,25296,Excellent,11470.4
Toyota,Hybrid,2021,3416,Good,15158.4
BMW,SUV,2017,26763,Good,26823.7
BMW,SUV,2010,21757,Good,16824.3
Ford,Hybrid,2016,71260,Good,2000.0
Tesla,Sedan,2022,123326,Excellent,19667.4
Toyota,SUV,2021,22523,Fair,18247.7
Toyota,Sedan,2010,55418,Excellent,2000.0
Honda,SUV,2016,137190,Fair,2000.0
Toyota,Sedan,2021,142903,Fair,2000.0
Ford,SUV,2010,95201,Good,2000.0
Tesla,Hybrid,2022,131981,Good,18801.9
Ford,Luxury,2015,80026,Good,2000.0
Toyota,Luxury,2015,92067,Excellent,2000.0
Ford,Hybrid,2016,81014,Good,2000.0
Ford,Hybrid,2017,95324,Good,2000.0
Toyota,SUV,2017,39811,Fair,10518.9
BMW,Sedan,2021,35875,Excellent,26912.5
Toyota,Hybrid,2013,80859,Fair,2000.0
Ford,Sedan,2016,145417,Good,2000.0
Toyota,Hybrid,2011,8764,Good,2000.0
Tesla,Sedan,2012,140715,Good,2928.5
Ford,Hybrid,2012,124504,Fair,2000.0
Tesla,Luxury,2018,92932,Good,16706.8
BMW,Hybrid,2019,87276,Fair,18772.4
Ford,SUV,2019,95919,Excellent,7908.1
Ford,Sedan,2023,124788,Good,6021.199999999999
Tesla,Sedan,2012,102784,Good,6721.5999999999985
Honda,SUV,2023,95861,Good,13913.9
Honda,Sedan,2012,37188,Good,2000.0
Tesla,Hybrid,2018,75504,Good,18449.6
BMW,SUV,2010,30828,Excellent,15917.2
Toyota,Hybrid,2012,128446,Fair,2000.0
Ford,Sedan,2019,55216,Excellent,6978.4
Tesla,SUV,2011,110941,Excellent,9405.9
Tesla,Hybrid,2015,75820,Fair,13918.0
Tesla,Luxury,2010,120702,Fair,2000.0
Tesla,Sedan,2018,20203,Excellent,23979.7
Toyota,Hybrid,2011,50708,Good,2000.0
BMW,SUV,2012,111944,Fair,10805.599999999999
Tesla,Hybrid,2013,117813,Fair,6718.699999999999
BMW,Luxury,2011,46996,Excellent,10800.4
Honda,Luxury,2010,99537,Fair,2000.0
Honda,Luxury,2017,73149,Excellent,2185.0999999999995
BMW,SUV,2022,29289,Good,34071.1
Ford,Sedan,2018,20512,Fair,8948.8
BMW,Hybrid,2012,106350,Excellent,6365.0
Tesla,Sedan,2016,32083,Good,19791.7
BMW,SUV,2011,90515,Fair,11448.5
BMW,Sedan,2018,84322,Excellent,17567.8
Ford,SUV,2018,119202,Fair,4079.7999999999993
Tesla,Sedan,2011,71818,Fair,8318.2
Ford,SUV,2021,48932,Fair,15606.8
BMW,Luxury,2022,11195,Good,30880.5
BMW,Sedan,2013,16117,Good,16888.3
BMW,SUV,2014,76956,Good,17304.4
Honda,Luxury,2010,140096,Fair,2000.0
Tesla,SUV,2020,19666,Excellent,32033.4
Honda,SUV,2021,1972,Fair,20302.8
Ford,Sedan,2011,43848,Fair,2000.0
Honda,SUV,2017,31008,Excellent,11399.2
Honda,Hybrid,2020,139102,Good,2000.0
Tesla,Luxury,2011,109385,Excellent,4561.5
Toyota,SUV,2018,43494,Fair,11650.599999999999
Ford,SUV,2021,73314,Fair,13168.599999999999
Ford,Sedan,2013,49816,Fair,2000.0
Tesla,Luxury,2017,78318,Excellent,16668.2
BMW,Luxury,2010,91814,Excellent,4818.6
Honda,Hybrid,2012,18797,Excellent,2000.0
Tesla,Luxury,2017,110495,Fair,13450.5
Honda,Hybrid,2016,72035,Fair,2000.0
Ford,Luxury,2012,49889,Good,2000.0
Tesla,SUV,2010,48637,Fair,14136.3
Honda,Hybrid,2018,95797,Fair,2000.0
Honda,Sedan,2014,127428,Fair,2000.0
Honda,Luxury,2017,17523,Fair,7747.7
Honda,Luxury,2016,61206,Good,2000.0
BMW,Sedan,2020,11475,Fair,27852.5
Tesla,Sedan,2019,115980,Excellent,15902.0
Honda,SUV,2011,122170,Good,2000.0
Ford,Hybrid,2010,140175,Excellent,2000.0
BMW,SUV,2020,84370,Fair,25563.0
Honda,SUV,2013,79503,Excellent,2000.0
BMW,Sedan,2017,85201,Fair,15979.9
Toyota,Luxury,2023,77399,Good,10760.099999999999
Ford,SUV,2022,133913,Excellent,8608.699999999999
Toyota,Hybrid,2022,144318,Fair,2568.199999999999
Honda,Sedan,2018,97881,Good,2000.0
Tesla,Hybrid,2013,133521,Fair,5147.9
Ford,Sedan,2012,120011,Good,2000.0
BMW,Luxury,2010,62684,Fair,7731.599999999999
BMW,Hybrid,2014,67524,Good,13247.599999999999
Tesla,Hybrid,2019,113715,Fair,16128.5
Tesla,Luxury,2014,85701,Good,11429.9
Toyota,Hybrid,2010,73759,Fair,2000.0
Honda,SUV,2013,62000,Good,2300.0
Honda,SUV,2011,102904,Good,2000.0
Tesla,SUV,2019,6280,Excellent,31872.0
BMW,Hybrid,2019,51770,Excellent,22323.0
BMW,Luxury,2010,144774,Good,2000.0
Honda,Hybrid,2012,104187,Good,2000.0
Honda,Sedan,2013,128427,Good,2000.0
Ford,Hybrid,2019,66702,Excellent,5829.799999999999
Tesla,Hybrid,2016,79176,Good,15082.4
BMW,Sedan,2016,17153,Good,21284.7
BMW,Sedan,2018,87902,Fair,17209.8
BMW,Hybrid,2015,115917,Fair,9908.3
Honda,SUV,2017,4882,Excellent,14011.8
Tesla,Sedan,2021,77166,Fair,22783.4
Toyota,Sedan,2023,70174,Fair,11482.599999999999
Tesla,Hybrid,2021,43682,Excellent,26131.8
Toyota,Sedan,2012,85104,Fair,2000.0
Tesla,Sedan,2011,73055,Fair,8194.5
Honda,SUV,2013,38417,Excellent,4658.299999999999
BMW,Sedan,2011,48328,Good,10667.2
Honda,Hybrid,2023,87773,Excellent,9722.699999999999
Honda,SUV,2019,37500,Fair,13750.0
BMW,Hybrid,2020,123385,Fair,16661.5
Honda,Hybrid,2013,3919,Excellent,3108.1
Ford,SUV,2012,69252,Excellent,2000.0
Ford,Sedan,2013,109597,Excellent,2000.0
Tesla,Hybrid,2021,74027,Fair,23097.3
Ford,Sedan,2015,15284,Excellent,4971.6
Honda,Luxury,2014,106906,Fair,2000.0
Tesla,Hybrid,2016,61561,Fair,16843.9
Ford,SUV,2018,93670,Excellent,6633.0
Tesla,Luxury,2018,103702,Good,15629.8
BMW,Hybrid,2013,125623,Fair,5937.699999999999
Honda,Sedan,2022,133682,Excellent,3631.7999999999993
BMW,Hybrid,2014,149447,Good,5055.299999999999
Tesla,Hybrid,2014,92265,Fair,10773.5
BMW,Luxury,2013,16441,Fair,16855.9
Tesla,Luxury,2022,37526,Good,28247.4
Tesla,SUV,2015,74857,Good,19014.3
Tesla,Hybrid,2020,101528,Excellent,18847.199999999997
Honda,Hybrid,2023,117070,Excellent,6793.0
Tesla,Sedan,2013,61360,Fair,12364.0
BMW,SUV,2013,35256,Fair,19974.4
Honda,Hybrid,2012,56274,Excellent,2000.0
BMW,Sedan,2018,143895,Good,11610.5
Tesla,Hybrid,2023,31901,Fair,30309.9
Ford,SUV,2022,25729,Good,19427.1
Ford,Sedan,2012,79135,Excellent,2000.0
Toyota,Hybrid,2013,3569,Good,3143.1
Toyota,Sedan,2020,37325,Excellent,10267.5
Honda,SUV,2013,85662,Fair,2000.0
Ford,Hybrid,2018,58992,Excellent,5100.799999999999
BMW,Luxury,2021,43017,Excellent,26198.3
Honda,Luxury,2010,54270,Good,2000.0
Toyota,Hybrid,2012,6538,Excellent,2000.0
BMW,Luxury,2010,4950,Good,13505.0
Ford,SUV,2013,111724,Excellent,2000.0
BMW,Hybrid,2014,228,Fair,19977.2
Toyota,SUV,2012,84650,Excellent,2000.0
Ford,Luxury,2014,73488,Fair,2000.0
Ford,Hybrid,2018,146623,Fair,2000.0
BMW,Luxury,2014,20537,Good,17946.3
Ford,Hybrid,2020,77624,Excellent,6237.599999999999
Honda,Luxury,2014,45832,Excellent,2000.0
BMW,Luxury,2018,82416,Excellent,17758.4
Toyota,Hybrid,2023,63763,Good,12123.7
Tesla,Luxury,2013,134291,Good,5070.9
BMW,Luxury,2010,112887,Excellent,2711.2999999999993
Honda,Luxury,2017,133782,Good,2000.0
Honda,SUV,2010,47583,Excellent,2000.0
Ford,Sedan,2019,121461,Excellent,2000.0
Toyota,Sedan,2015,122653,Excellent,2000.0
Ford,Luxury,2011,138491,Excellent,2000.0
Tesla,Hybrid,2022,9934,Fair,31006.6
Tesla,Sedan,2012,49418,Good,12058.2
Honda,Sedan,2017,17893,Good,7710.7
Honda,Luxury,2018,60416,Excellent,4958.4
Toyota,Hybrid,2021,112138,Fair,4286.199999999999
Ford,Hybrid,2015,100793,Excellent,2000.0
Ford,Hybrid,2019,124378,Fair,2000.0
Tesla,Luxury,2015,58004,Fair,15699.599999999999
Honda,Hybrid,2010,40981,Excellent,2000.0
Ford,Hybrid,2011,41523,Excellent,2000.0
Tesla,Sedan,2012,90465,Good,7953.5
Tesla,Luxury,2017,16338,Excellent,22866.2
Tesla,Hybrid,2010,45404,Excellent,9459.599999999999
Ford,SUV,2021,59232,Fair,14576.8
Toyota,SUV,2014,115712,Good,2000.0
Honda,Hybrid,2017,15664,Fair,7933.6
Tesla,Luxury,2022,29916,Fair,29008.4
Tesla,Sedan,2021,47974,Fair,25702.6
BMW,Luxury,2020,57681,Good,23231.9
BMW,Sedan,2012,145978,Excellent,2402.199999999999
Ford,SUV,2013,139570,Good,2000.0
Tesla,Hybrid,2018,34254,Fair,22574.6
Ford,Sedan,2021,44475,Fair,11052.5
Ford,Sedan,2014,81103,Fair,2000.0
Honda,SUV,2013,89633,Fair,2000.0
Ford,SUV,2022,118963,Fair,10103.699999999999
Tesla,Hybrid,2010,46271,Good,9372.9
Ford,Hybrid,2018,126540,Excellent,2000.0
BMW,Hybrid,2019,109874,Excellent,16512.6
Tesla,Sedan,2016,113424,Excellent,11657.599999999999
Ford,Hybrid,2018,3003,Fair,10699.7
BMW,SUV,2016,94364,Excellent,18563.6
BMW,Hybrid,2012,30639,Good,13936.1
Ford,SUV,2016,148646,Fair,2000.0
Ford,Hybrid,2012,125461,Good,2000.0
BMW,Hybrid,2022,132728,Good,18727.199999999997
Toyota,Hybrid,2011,101850,Fair,2000.0
Honda,SUV,2020,24260,Good,16574.0
Ford,Sedan,2016,63678,Fair,2000.0
Toyota,Sedan,2022,114780,Good,5522.0
Toyota,Sedan,2013,97753,Excellent,2000.0
Toyota,Luxury,2022,122830,Excellent,4717.0
BMW,Sedan,2015,4083,Excellent,21091.7
Ford,SUV,2012,101963,Fair,2000.0
BMW,Hybrid,2019,2147,Excellent,27285.3
Tesla,Luxury,2020,142377,Excellent,14762.3
Honda,Sedan,2018,114558,Good,2000.0
Toyota,Luxury,2015,48638,Good,2000.0
Ford,Hybrid,2023,3852,Fair,18114.8
BMW,Sedan,2021,114265,Excellent,19073.5
Honda,Hybrid,2017,44205,Fair,5079.5
Ford,Hybrid,2020,70653,Good,6934.7
Ford,Luxury,2020,77743,Good,6225.7
Ford,Sedan,2015,36270,Excellent,2873.0
Ford,Sedan,2012,74141,Fair,2000.0
Ford,Luxury,2018,91215,Excellent,2000.0
Tesla,Sedan,2014,111069,Fair,8893.099999999999
Toyota,Hybrid,2019,13095,Fair,11190.5
BMW,Luxury,2021,104310,Excellent,20069.0
BMW,Hybrid,2023,36486,Good,29851.4
Tesla,Luxury,2022,16118,Good,30388.2
BMW,Hybrid,2022,89834,Good,23016.6
BMW,Hybrid,2010,63196,Fair,7680.4
BMW,Hybrid,2015,12665,Good,20233.5
BMW,Sedan,2015,14250,Good,20075.0
Tesla,Hybrid,2019,83401,Fair,19159.9
Honda,Sedan,2020,86333,Excellent,5366.699999999999
BMW,SUV,2016,59371,Good,22062.9
Ford,SUV,2015,134263,Excellent,2000.0
Tesla,Luxury,2018,85089,Excellent,17491.1
BMW,Sedan,2019,36743,Excellent,23825.7
Toyota,Hybrid,2016,53398,Good,2660.2
Toyota,Sedan,2014,30553,Excellent,2000.0
Toyota,Sedan,2023,145271,Fair,3972.8999999999996
Honda,SUV,2022,455,Good,21954.5
Tesla,Sedan,2012,114023,Good,5597.699999999999
Honda,Hybrid,2023,10920,Excellent,17408.0
Honda,Luxury,2013,44672,Good,2000.0
BMW,Luxury,2023,34525,Good,30047.5
BMW,SUV,2015,108679,Fair,15632.099999999999
BMW,Sedan,2015,94005,Excellent,12099.5
Honda,Hybrid,2013,7275,Good,2772.5
BMW,Luxury,2020,13819,Fair,27618.1
Ford,Sedan,2012,77187,Good,2000.0
Tesla,Sedan,2023,96943,Fair,23805.699999999997
Ford,Luxury,2021,31989,Good,12301.1
Toyota,Sedan,2012,82660,Fair,2000.0
Ford,Hybrid,2021,71295,Fair,8370.5
BMW,Luxury,2023,12601,Fair,32239.9
Honda,Sedan,2020,54698,Excellent,8530.2
Toyota,Hybrid,2011,127186,Fair,2000.0
Ford,SUV,2011,72046,Fair,2000.0
Ford,Sedan,2020,60130,Excellent,7987.0
BMW,Sedan,2012,117744,Excellent,5225.5999999999985
BMW,Luxury,2019,69644,Excellent,20535.6
BMW,SUV,2012,54245,Fair,16575.5
Ford,Luxury,2019,32740,Good,9226.0
Honda,Luxury,2021,127514,Excellent,2748.5999999999985
Honda,Hybrid,2021,136935,Good,2000.0
Ford,SUV,2015,74038,Excellent,4096.2
Toyota,Sedan,2017,48332,Good,4666.8
Toyota,Luxury,2021,5021,Excellent,14997.9
Honda,SUV,2018,44290,Good,11571.0
Toyota,Hybrid,2019,78432,Fair,4656.799999999999
Honda,Luxury,2012,87572,Fair,2000.0
BMW,Hybrid,2016,53304,Good,17669.6
Tesla,Sedan,2018,30261,Excellent,22973.9
Tesla,Hybrid,2020,108935,Excellent,18106.5
Honda,Luxury,2020,26976,Excellent,11302.4
Ford,SUV,2022,73058,Good,14694.2
Toyota,SUV,2018,86103,Fair,7389.699999999999
Honda,Sedan,2013,103394,Excellent,2000.0
Tesla,SUV,2013,93458,Excellent,14154.199999999999
Toyota,Hybrid,2011,5868,Good,2000.0
BMW,SUV,2022,29776,Fair,34022.4
Tesla,SUV,2022,106245,Good,26375.5
Toyota,SUV,2017,62951,Excellent,8204.9
Tesla,Sedan,2016,10358,Excellent,21964.2
Ford,Hybrid,2015,123549,Excellent,2000.0
BMW,SUV,2019,141823,Good,18317.699999999997
Tesla,Hybrid,2016,56093,Fair,17390.7
BMW,Luxury,2012,116277,Excellent,5372.299999999999
Ford,Sedan,2021,78230,Good,7677.0
Toyota,Hybrid,2023,22704,Excellent,16229.6
BMW,Luxury,2013,18656,Fair,16634.4
Ford,Luxury,2010,37341,Good,2000.0
Ford,Hybrid,2018,69761,Excellent,4023.8999999999996
Tesla,Hybrid,2021,22430,Good,28257.0
Tesla,Sedan,2011,97937,Fair,5706.299999999999
Tesla,Hybrid,2011,123146,Excellent,3185.3999999999996
BMW,Luxury,2023,28920,Fair,30608.0
Toyota,Sedan,2012,96219,Fair,2000.0
Toyota,Hybrid,2019,111238,Excellent,2000.0
BMW,Luxury,2012,13002,Excellent,15699.8
Tesla,Sedan,2012,22788,Fair,14721.2
Ford,SUV,2015,81992,Fair,3300.7999999999993
Ford,Luxury,2015,28345,Fair,3665.5
Ford,Hybrid,2020,54104,Good,8589.599999999999
Tesla,SUV,2012,131395,Fair,8860.5
Tesla,Hybrid,2018,148669,Good,11133.099999999999
Toyota,Sedan,2017,5197,Fair,8980.3
Toyota,SUV,2014,62087,Good,3791.2999999999993
Tesla,Sedan,2017,75093,Fair,16990.7
Ford,Luxury,2019,50915,Excellent,7408.5
Honda,Sedan,2010,143091,Good,2000.0
Honda,SUV,2011,148309,Fair,2000.0
Ford,Luxury,2017,135861,Excellent,2000.0
BMW,Luxury,2015,44160,Good,17084.0
Honda,Sedan,2019,132970,Good,2000.0
Ford,Hybrid,2018,72476,Fair,3752.3999999999996
Toyota,Hybrid,2020,82748,Good,5725.199999999999
Ford,Luxury,2010,98877,Good,2000.0
Tesla,SUV,2014,133310,Good,11669.0
BMW,Sedan,2020,67578,Good,22242.2
Tesla,Sedan,2021,55990,Good,24901.0
Tesla,SUV,2017,129660,Good,16534.0
Toyota,SUV,2020,102017,Good,8798.3
Tesla,SUV,2018,6460,Fair,30354.0
BMW,Sedan,2015,54050,Good,16095.0
BMW,SUV,2016,73438,Fair,20656.2
Toyota,Luxury,2011,124821,Fair,2000.0
BMW,Luxury,2013,83418,Good,10158.199999999999
Toyota,Hybrid,2017,35675,Fair,5932.5
Toyota,Sedan,2015,69498,Good,2000.0
BMW,Sedan,2013,21663,Excellent,16333.7
Ford,Sedan,2016,79249,Good,2000.0
Ford,Luxury,2018,5674,Good,10432.6
Tesla,Luxury,2010,63326,Good,7667.4
Toyota,Hybrid,2022,84842,Good,8515.8
Honda,Luxury,2019,126554,Excellent,2000.0
Toyota,Sedan,2023,63585,Fair,12141.5
Toyota,SUV,2016,58445,Good,7155.5
Toyota,Luxury,2015,101933,Excellent,2000.0
Tesla,Luxury,2021,1244,Excellent,30375.6
Ford,Sedan,2014,113881,Excellent,2000.0
Honda,SUV,2018,17243,Good,14275.7
BMW,Luxury,2019,31279,Fair,24372.1
Tesla,Hybrid,2018,92772,Excellent,16722.8
Honda,SUV,2023,53932,Fair,18106.8
Ford,Luxury,2012,78598,Fair,2000.0
BMW,Luxury,2011,77498,Good,7750.2
Ford,Luxury,2015,95634,Good,2000.0
Honda,SUV,2016,102633,Excellent,2736.699999999999
BMW,Sedan,2023,31033,Good,30396.7
BMW,Hybrid,2022,42544,Good,27745.6
BMW,SUV,2013,13891,Excellent,22110.9
BMW,Luxury,2013,61282,Good,12371.8
Toyota,Luxury,2012,135331,Fair,2000.0
Ford,Luxury,2014,57376,Good,2000.0
Tesla,Hybrid,2021,106160,Excellent,19884.0
BMW,Luxury,2012,10856,Fair,15914.4
Toyota,Sedan,2018,148506,Excellent,2000.0
BMW,SUV,2021,86879,Good,26812.1
Ford,Sedan,2020,84804,Excellent,5519.6
Toyota,Luxury,2016,148803,Fair,2000.0
BMW,Hybrid,2022,123394,Good,19660.6
Ford,Hybrid,2017,148922,Fair,2000.0
Honda,Sedan,2018,2167,Fair,10783.3
Toyota,Sedan,2017,116265,Good,2000.0
Toyota,Hybrid,2015,95303,Good,2000.0
Honda,Hybrid,2016,65280,Excellent,2000.0
Toyota,Sedan,2018,68967,Excellent,4103.299999999999
Ford,Luxury,2013,47078,Fair,2000.0
Toyota,SUV,2011,34511,Excellent,2048.8999999999996
Honda,Hybrid,2021,96123,Fair,5887.699999999999
Tesla,SUV,2010,132616,Excellent,5738.4
BMW,Hybrid,2014,130614,Excellent,6938.5999999999985
Tesla,SUV,2020,120282,Excellent,21971.8
Toyota,SUV,2021,47135,Excellent,15786.5
Toyota,Sedan,2016,89888,Fair,2000.0
Toyota,Hybrid,2020,72693,Good,6730.7
Ford,Luxury,2021,16150,Fair,13885.0
Toyota,Luxury,2016,88801,Good,2000.0
Tesla,SUV,2010,133653,Excellent,5634.699999999999
Honda,Sedan,2020,6510,Good,13349.0
Honda,Sedan,2012,20593,Good,2000.0
Tesla,SUV,2017,116562,Fair,17843.8
Honda,Luxury,2016,147743,Good,2000.0
Toyota,Luxury,2019,49901,Good,7509.9
Tesla,Luxury,2012,128841,Excellent,4115.9
BMW,Sedan,2023,28915,Fair,30608.5
BMW,SUV,2022,112617,Fair,25738.3
Honda,Hybrid,2012,81379,Fair,2000.0
BMW,Sedan,2016,42786,Excellent,18721.4
BMW,Luxury,2018,35889,Good,22411.1
Honda,Luxury,2012,106523,Excellent,2000.0
Toyota,SUV,2019,95062,Fair,7993.799999999999
BMW,Hybrid,2019,112017,Excellent,16298.3
Toyota,Sedan,2015,144424,Excellent,2000.0
Ford,Sedan,2023,47648,Excellent,13735.2
Honda,SUV,2016,113412,Fair,2000.0
Ford,Luxury,2013,118006,Excellent,2000.0
Tesla,Luxury,2016,105929,Good,12407.099999999999
Ford,Hybrid,2013,66158,Fair,2000.0
Toyota,SUV,2021,140703,Good,6429.699999999999
Tesla,Sedan,2010,61043,Fair,7895.7
BMW,Luxury,2017,103835,Fair,14116.5
BMW,Sedan,2016,16085,Fair,21391.5
BMW,Hybrid,2016,121614,Fair,10838.599999999999
Honda,Hybrid,2016,43889,Fair,3611.0999999999995
Toyota,Sedan,2023,42344,Excellent,14265.599999999999
Honda,SUV,2018,29918,Good,13008.2
Tesla,Sedan,2021,140452,Excellent,16454.8
BMW,Sedan,2016,134934,Excellent,9506.599999999999
Toyota,Hybrid,2020,87505,Good,5249.5
Ford,Sedan,2013,148311,Good,2000.0
Tesla,Hybrid,2023,103246,Excellent,23175.4
Ford,SUV,2013,48775,Fair,3622.5
Tesla,Luxury,2018,6713,Fair,25328.7
Toyota,Sedan,2018,255,Fair,10974.5
Ford,Hybrid,2017,142945,Fair,2000.0
BMW,Sedan,2012,36021,Excellent,13397.9
BMW,Hybrid,2017,58294,Excellent,18670.6
Ford,Luxury,2010,130955,Fair,2000.0
Toyota,SUV,2020,100664,Fair,8933.599999999999
Ford,Hybrid,2011,69747,Excellent,2000.0
Ford,Hybrid,2012,101753,Fair,2000.0
Toyota,Luxury,2018,22169,Good,8783.1
Ford,SUV,2017,57114,Good,8788.599999999999
Tesla,Hybrid,2014,72560,Excellent,12744.0
Toyota,Hybrid,2020,135781,Excellent,2000.0
Ford,SUV,2017,28501,Good,11649.9
Tesla,Hybrid,2022,127856,Fair,19214.4
BMW,Hybrid,2011,116490,Good,3851.0
Honda,Hybrid,2017,3900,Fair,9110.0
Tesla,Luxury,2019,37244,Fair,23775.6
Toyota,Luxury,2019,132644,Good,2000.0
Ford,Hybrid,2022,87585,Excellent,8241.5
Honda,SUV,2019,117426,Excellent,5757.4
Ford,Luxury,2019,6972,Fair,11802.8
BMW,Sedan,2010,129100,Fair,2000.0
Ford,Luxury,2014,54468,Fair,2000.0
Toyota,Luxury,2013,62635,Good,2000.0
BMW,Hybrid,2018,1150,Good,25885.0
BMW,Luxury,2011,110507,Good,4449.299999999999
Honda,Hybrid,2012,119894,Excellent,2000.0
Ford,Sedan,2018,17248,Good,9275.2
Toyota,SUV,2012,53664,Good,2000.0
Ford,Luxury,2021,110103,Excellent,4489.699999999999
Honda,SUV,2022,96313,Fair,12368.699999999999
BMW,Sedan,2019,37086,Excellent,23791.4
BMW,Sedan,2017,113507,Good,13149.3
Honda,Hybrid,2023,40801,Excellent,14419.9
Toyota,Luxury,2014,104031,Excellent,2000.0
BMW,SUV,2015,79038,Excellent,18596.2
BMW,Hybrid,2013,120611,Excellent,6438.9
Ford,Hybrid,2010,113509,Good,2000.0
BMW,Hybrid,2014,45866,Good,15413.4
BMW,Sedan,2015,34178,Good,18082.2
Ford,SUV,2015,138441,Fair,2000.0
BMW,Luxury,2014,84793,Fair,11520.699999999999
Honda,Hybrid,2020,7933,Excellent,13206.7
Tesla,SUV,2018,96042,Excellent,21395.8
Ford,Luxury,2015,6914,Fair,5808.6
BMW,Luxury,2014,11073,Excellent,18892.7
BMW,Hybrid,2016,4028,Good,22597.2
Honda,Luxury,2023,40069,Excellent,14493.1
BMW,Hybrid,2013,39473,Excellent,14552.7
Ford,Luxury,2015,84808,Excellent,2000.0
BMW,Sedan,2021,121429,Good,18357.1
Tesla,Luxury,2016,139018,Good,9098.199999999999
Honda,Luxury,2013,141551,Fair,2000.0
Tesla,Sedan,2013,66628,Fair,11837.2
Honda,SUV,2011,64175,Fair,2000.0
BMW,Luxury,2018,17612,Excellent,24238.8
Toyota,SUV,2013,557,Fair,8444.3
Ford,Sedan,2022,27677,Good,14232.3
Toyota,SUV,2023,97124,Excellent,13787.6
Tesla,Hybrid,2021,100868,Good,20413.199999999997
Toyota,Luxury,2019,149338,Fair,2000.0
Ford,SUV,2013,88211,Fair,2000.0
Ford,Hybrid,2012,26011,Good,2000.0
Tesla,Hybrid,2014,26667,Excellent,17333.3
Ford,Hybrid,2017,90316,Excellent,2000.0
Toyota,Hybrid,2013,114875,Good,2000.0
Honda,Luxury,2020,89312,Good,5068.799999999999
Tesla,SUV,2020,8181,Fair,33181.9
Honda,SUV,2019,11431,Fair,16356.9
Toyota,Hybrid,2019,88645,Excellent,3635.5
Honda,Luxury,2012,123855,Good,2000.0
BMW,SUV,2013,43368,Fair,19163.2
Toyota,Sedan,2014,18841,Fair,3115.8999999999996
BMW,Luxury,2013,111663,Fair,7333.699999999999
Tesla,Sedan,2019,1218,Excellent,27378.2
Honda,Luxury,2016,120147,Good,2000.0
BMW,SUV,2013,19741,Good,21525.9
Ford,Hybrid,2016,100428,Good,2000.0
Honda,Hybrid,2013,56167,Fair,2000.0
BMW,Hybrid,2018,69331,Fair,19066.9
BMW,Luxury,2012,50255,Excellent,11974.5
Tesla,SUV,2011,94613,Excellent,11038.699999999999
BMW,Hybrid,2012,69721,Excellent,10027.9
Tesla,Sedan,2011,125883,Fair,2911.699999999999
Toyota,Luxury,2010,85346,Good,2000.0
BMW,Luxury,2019,30389,Excellent,24461.1
Honda,Luxury,2010,123008,Excellent,2000.0
BMW,Sedan,2020,106227,Good,18377.3
Ford,SUV,2014,1250,Fair,9875.0
Ford,Luxury,2013,86294,Good,2000.0
Ford,SUV,2016,93306,Fair,3669.3999999999996
Honda,Luxury,2018,38543,Good,7145.7
Toyota,Luxury,2020,144007,Fair,2000.0
Tesla,Sedan,2017,115797,Good,12920.3
Ford,Luxury,2023,3954,Fair,18104.6
Tesla,Hybrid,2012,32654,Excellent,13734.6
Ford,SUV,2016,104912,Excellent,2508.7999999999993
Ford,Sedan,2017,99209,Excellent,2000.0
Honda,Luxury,2013,112928,Fair,2000.0
Tesla,Hybrid,2013,120229,Fair,6477.0999999999985
Honda,SUV,2020,105600,Fair,8440.0
BMW,Luxury,2014,45784,Fair,15421.599999999999
Toyota,SUV,2021,119268,Excellent,8573.199999999999
Tesla,SUV,2011,92890,Fair,11211.0
Tesla,Luxury,2017,46263,Good,19873.7
Toyota,Luxury,2019,49550,Excellent,7545.0
Ford,Hybrid,2021,147333,Excellent,2000.0
BMW,Luxury,2021,61731,Excellent,24326.9
Honda,Hybrid,2018,69436,Fair,4056.3999999999996
BMW,Luxury,2017,46085,Good,19891.5
Tesla,Hybrid,2020,73558,Fair,21644.2
Ford,Sedan,2012,52801,Fair,2000.0
Tesla,Hybrid,2022,123522,Fair,19647.8
Ford,SUV,2013,116098,Good,2000.0
BMW,Luxury,2016,95181,Fair,13481.9
Ford,Hybrid,2016,11060,Excellent,6894.0
Ford,Sedan,2010,67972,Good,2000.0
Honda,Hybrid,2021,44052,Excellent,11094.8
Toyota,Luxury,2019,28208,Fair,9679.2
Honda,SUV,2019,49762,Good,12523.8
BMW,SUV,2014,128779,Good,12122.099999999999
Honda,SUV,2021,126400,Good,7860.0
Tesla,SUV,2011,77485,Good,12751.5
Honda,Luxury,2012,26496,Fair,2000.0
BMW,SUV,2012,121391,Excellent,9860.9
Ford,SUV,2011,20906,Excellent,3409.4
BMW,Hybrid,2023,83030,Excellent,25197.0
Honda,SUV,2016,149059,Excellent,2000.0
BMW,SUV,2014,16320,Fair,23368.0
Toyota,Luxury,2012,129726,Excellent,2000.0
Ford,SUV,2013,72008,Fair,2000.0
Toyota,Sedan,2023,131879,Excellent,5312.0999999999985
Ford,Hybrid,2023,113351,Excellent,7164.9
Ford,Hybrid,2021,9090,Good,14591.0
Ford,SUV,2012,89203,Good,2000.0
Tesla,Luxury,2019,50076,Good,22492.4
Ford,Hybrid,2019,146197,Good,2000.0
Tesla,SUV,2020,6237,Excellent,33376.3
Honda,Sedan,2018,56456,Fair,5354.4
BMW,Luxury,2020,48364,Good,24163.6
Honda,Sedan,2014,121463,Good,2000.0
Honda,Sedan,2012,59925,Good,2000.0
Toyota,Hybrid,2013,67826,Fair,2000.0
BMW,SUV,2010,83538,Fair,10646.199999999999
Tesla,Sedan,2018,40004,Fair,21999.6
Honda,Sedan,2022,107453,Excellent,6254.699999999999
Ford,Hybrid,2016,136242,Fair,2000.0
Toyota,SUV,2011,36605,Good,2000.0
Tesla,Sedan,2020,13747,Fair,27625.3
BMW,Sedan,2023,47282,Good,28771.8
Toyota,Sedan,2015,85367,Good,2000.0
Toyota,Luxury,2016,117744,Fair,2000.0
Toyota,Sedan,2013,97499,Fair,2000.0
Tesla,Hybrid,2013,147421,Good,3757.8999999999996
Ford,Hybrid,2010,12435,Excellent,2000.0
Tesla,Sedan,2018,102785,Fair,15721.5
Tesla,SUV,2017,9543,Good,28545.7
Honda,Sedan,2019,1002,Excellent,12399.8
Tesla,Sedan,2023,96774,Good,23822.6
BMW,Sedan,2010,38569,Excellent,10143.1
BMW,Sedan,2011,114118,Fair,4088.199999999999
Ford,Hybrid,2018,9352,Good,10064.8
BMW,Hybrid,2022,49631,Good,27036.9
Tesla,Luxury,2012,140356,Fair,2964.3999999999996
Toyota,Sedan,2022,100215,Fair,6978.5
BMW,Hybrid,2018,109362,Fair,15063.8
Honda,Sedan,2021,34472,Excellent,12052.8
Honda,Hybrid,2013,131628,Good,2000.0
Honda,Hybrid,2022,97805,Good,7219.5
Tesla,SUV,2020,147011,Excellent,19298.9
Ford,Sedan,2017,81763,Excellent,2000.0
BMW,Sedan,2012,112882,Good,5711.799999999999
Tesla,SUV,2013,127168,Fair,10783.199999999999
Ford,Luxury,2019,48400,Excellent,7660.0
Ford,Luxury,2012,15489,Fair,2000.0
BMW,Luxury,2016,13712,Fair,21628.8
Honda,Sedan,2013,104654,Fair,2000.0
Tesla,Hybrid,2016,83559,Excellent,14644.1
BMW,Hybrid,2012,56379,Fair,11362.099999999999
Tesla,Luxury,2010,95873,Good,4412.699999999999
Tesla,SUV,2014,107516,Fair,14248.4
Toyota,Luxury,2021,24917,Good,13008.3
Honda,SUV,2019,135707,Excellent,3929.2999999999993
BMW,SUV,2016,47200,Good,23280.0
Tesla,SUV,2023,120495,Good,26450.5
BMW,Hybrid,2018,133516,Good,12648.4
Ford,Hybrid,2013,93456,Excellent,2000.0
Honda,SUV,2021,101382,Good,10361.8
Toyota,SUV,2018,8997,Excellent,15100.3
Honda,Luxury,2023,57427,Fair,12757.3
Honda,Luxury,2019,109121,Good,2000.0
BMW,Sedan,2018,92595,Fair,16740.5
Tesla,SUV,2021,138197,Excellent,21680.3
Toyota,Hybrid,2012,100043,Good,2000.0
BMW,SUV,2023,64981,Fair,32001.9
Honda,Sedan,2015,115548,Excellent,2000.0
Toyota,Luxury,2010,105804,Good,2000.0
Toyota,Sedan,2017,23443,Excellent,7155.7
Tesla,Hybrid,2011,92948,Fair,6205.199999999999
BMW,Luxury,2010,42147,Good,9785.3
BMW,Sedan,2015,135928,Fair,7907.199999999999
Tesla,Luxury,2020,21362,Fair,26863.8
Toyota,Luxury,2012,39428,Excellent,2000.0
Tesla,Hybrid,2011,38223,Good,11677.7
Honda,SUV,2011,49900,Fair,2000.0
BMW,Hybrid,2022,114705,Good,20529.5
Ford,Hybrid,2010,29124,Excellent,2000.0
Tesla,SUV,2023,116627,Good,26837.3
Toyota,Hybrid,2011,50636,Fair,2000.0
Honda,Sedan,2022,134858,Good,3514.199999999999
Honda,Sedan,2017,25194,Good,6980.6
Toyota,SUV,2012,27090,Good,4291.0
Honda,Luxury,2016,135795,Fair,2000.0
Tesla,Luxury,2011,105195,Good,4980.5
Honda,Luxury,2016,74665,Fair,2000.0
BMW,Hybrid,2010,22533,Good,11746.7
BMW,Luxury,2016,86157,Good,14384.3
BMW,Sedan,2018,21231,Good,23876.9
Honda,SUV,2012,53117,Good,2000.0
Toyota,SUV,2010,17263,Fair,2273.7
Ford,Hybrid,2017,117348,Fair,2000.0
Toyota,Luxury,2018,76991,Excellent,3300.8999999999996
Toyota,Hybrid,2011,38229,Fair,2000.0
Honda,SUV,2019,101112,Fair,7388.799999999999
Ford,Sedan,2013,90613,Good,2000.0
Ford,SUV,2023,143827,Fair,9117.3
Tesla,Hybrid,2014,49729,Excellent,15027.099999999999
Ford,Hybrid,2012,115159,Excellent,2000.0
BMW,Luxury,2013,88510,Excellent,9649.0
Tesla,SUV,2018,128429,Good,18157.1
BMW,Sedan,2022,54664,Excellent,26533.6
Honda,Hybrid,2017,70211,Excellent,2478.8999999999996
Ford,Luxury,2011,129500,Good,2000.0
Tesla,SUV,2019,70307,Fair,25469.3
Ford,SUV,2015,126625,Fair,2000.0
Tesla,Sedan,2017,7860,Fair,23714.0
Tesla,Hybrid,2011,80208,Excellent,7479.2
BMW,Sedan,2019,16070,Good,25893.0
BMW,Hybrid,2012,50832,Excellent,11916.8
Ford,Luxury,2018,19381,Excellent,9061.9
Ford,SUV,2016,130081,Excellent,2000.0
Tesla,Sedan,2020,95897,Good,19410.3
Tesla,Luxury,2013,8718,Excellent,17628.2
Honda,Luxury,2012,122881,Excellent,2000.0
BMW,Hybrid,2018,75109,Fair,18489.1
BMW,Hybrid,2017,38356,Good,20664.4
BMW,Luxury,2011,95871,Fair,5912.9
Toyota,Hybrid,2011,104167,Fair,2000.0
Honda,SUV,2016,4292,Fair,12570.8
Toyota,Luxury,2022,101935,Fair,6806.5
Toyota,Luxury,2014,130257,Good,2000.0
Tesla,SUV,2012,51390,Excellent,16861.0
Toyota,Luxury,2016,110611,Excellent,2000.0
Toyota,Luxury,2019,47884,Fair,7711.599999999999
Ford,SUV,2017,67121,Good,7787.9
Tesla,Hybrid,2015,28477,Fair,18652.3
BMW,Hybrid,2010,110006,Fair,2999.3999999999996
Toyota,Luxury,2020,148403,Good,2000.0
Tesla,Hybrid,2023,100445,Fair,23455.5
Toyota,SUV,2017,77585,Good,6741.5
BMW,Sedan,2022,70110,Fair,24989.0
Tesla,SUV,2010,34118,Excellent,15588.2
BMW,Sedan,2013,7383,Excellent,17761.7
Toyota,SUV,2019,138170,Excellent,3683.0
Tesla,Hybrid,2010,50328,Good,8967.2
Ford,Sedan,2020,129385,Good,2000.0
BMW,Sedan,2014,17085,Fair,18291.5
Ford,Hybrid,2012,102592,Fair,2000.0
Tesla,Hybrid,2013,10687,Excellent,17431.3
Tesla,SUV,2011,15279,Excellent,18972.1
Ford,Sedan,2022,103201,Good,6679.9
BMW,Sedan,2019,96377,Excellent,17862.3
Tesla,Hybrid,2010,61820,Fair,7818.0
Honda,Hybrid,2023,104547,Excellent,8045.299999999999
Ford,Hybrid,2020,125689,Excellent,2000.0
Toyota,Hybrid,2013,29139,Fair,2000.0
Tesla,Hybrid,2023,95922,Good,23907.8
BMW,Luxury,2011,24353,Good,13064.7
Toyota,Sedan,2013,8548,Excellent,2645.2
Ford,SUV,2010,37218,Fair,2000.0
Ford,SUV,2016,68690,Excellent,6131.0
Honda,Luxury,2022,64045,Fair,10595.5
Ford,Hybrid,2019,107882,Fair,2000.0
Toyota,Sedan,2017,4102,Excellent,9089.8
BMW,Sedan,2018,88360,Excellent,17164.0
Toyota,Sedan,2019,121278,Good,2000.0
Honda,SUV,2022,8179,Fair,21182.1
BMW,Luxury,2010,89630,Excellent,5037.0
Honda,Luxury,2022,83227,Excellent,8677.3
Honda,Sedan,2022,86013,Excellent,8398.699999999999
BMW,Luxury,2013,139052,Good,4594.799999999999
Tesla,Hybrid,2010,62751,Good,7724.9
BMW,SUV,2015,118449,Excellent,14655.099999999999
BMW,Hybrid,2010,137596,Excellent,2000.0
BMW,Hybrid,2017,27765,Fair,21723.5
Tesla,Sedan,2021,112876,Fair,19212.4
Toyota,Hybrid,2010,99435,Good,2000.0
Toyota,Sedan,2023,10309,Fair,17469.1
Ford,SUV,2010,147200,Good,2000.0
Ford,Hybrid,2010,39591,Good,2000.0
Ford,Sedan,2011,58391,Good,2000.0
Toyota,SUV,2023,78502,Good,15649.8
Ford,Hybrid,2014,40157,Fair,2000.0
BMW,Luxury,2019,70563,Good,20443.7
BMW,SUV,2010,11895,Good,17810.5
Toyota,SUV,2020,77568,Fair,11243.2
Ford,SUV,2012,27467,Excellent,4253.299999999999
BMW,Sedan,2023,93893,Excellent,24110.699999999997
Ford,Hybrid,2010,6363,Excellent,2000.0
Honda,Sedan,2011,88814,Good,2000.0
Toyota,Luxury,2014,12817,Good,3718.3
Ford,SUV,2022,149347,Fair,7065.299999999999
Ford,SUV,2021,110271,Fair,9472.9
Ford,Sedan,2010,52521,Good,2000.0
BMW,SUV,2015,86974,Excellent,17802.6
Ford,SUV,2016,97855,Fair,3214.5
Honda,Hybrid,2018,139903,Fair,2000.0
Tesla,Sedan,2015,62537,Good,15246.3
Toyota,Sedan,2016,15243,Fair,6475.7
Ford,Hybrid,2019,47045,Excellent,7795.5
Toyota,Sedan,2011,143628,Good,2000.0
Ford,Hybrid,2011,53890,Excellent,2000.0
Ford,Luxury,2013,142028,Fair,2000.0
Honda,Luxury,2013,111804,Fair,2000.0
Tesla,Sedan,2022,79989,Good,24001.1
Honda,Hybrid,2023,29811,Good,15518.9
Toyota,SUV,2013,38134,Excellent,4686.6
Toyota,Luxury,2010,19354,Fair,2000.0
Ford,Sedan,2011,56419,Excellent,2000.0
BMW,SUV,2018,17782,Excellent,29221.8
Toyota,SUV,2010,78886,Good,2000.0
Honda,Luxury,2011,115435,Excellent,2000.0
Tesla,Luxury,2013,36079,Fair,14892.1
BMW,Luxury,2023,107155,Excellent,22784.5
Tesla,SUV,2022,81552,Excellent,28844.8
BMW,SUV,2016,113880,Good,16612.0
Honda,SUV,2015,144739,Excellent,2000.0
Honda,Luxury,2013,55963,Excellent,2000.0
Ford,Hybrid,2014,51615,Excellent,2000.0
BMW,Sedan,2015,12257,Fair,20274.3
Ford,Hybrid,2016,107382,Good,2000.0
Tesla,Hybrid,2014,41364,Excellent,15863.599999999999
BMW,Hybrid,2014,73433,Excellent,12656.7
Honda,Sedan,2019,96127,Excellent,2887.2999999999993
Honda,Luxury,2023,95211,Fair,8978.9
Tesla,SUV,2020,126432,Excellent,21356.8
Ford,Sedan,2017,129828,Good,2000.0
Ford,SUV,2019,131262,Good,4373.799999999999
Ford,Sedan,2023,40902,Excellent,14409.8
Ford,Sedan,2021,99085,Excellent,5591.5
Ford,Hybrid,2011,79238,Excellent,2000.0
Toyota,Luxury,2010,143233,Fair,2000.0
Toyota,Luxury,2022,28924,Good,14107.6
Tesla,Hybrid,2022,134532,Good,18546.8
BMW,Sedan,2018,806,Excellent,25919.4
BMW,Hybrid,2020,12,Fair,28998.8
BMW,SUV,2017,139860,Excellent,15514.0
BMW,SUV,2015,17806,Fair,24719.4
Toyota,SUV,2016,76507,Good,5349.299999999999
Toyota,Luxury,2012,123179,Good,2000.0
Tesla,SUV,2014,6319,Fair,24368.1
Honda,Luxury,2018,3358,Excellent,10664.2
BMW,Luxury,2010,44170,Good,9583.0
Toyota,SUV,2010,49468,Fair,2000.0
Honda,Hybrid,2017,105294,Fair,2000.0
BMW,Luxury,2010,15349,Good,12465.1
BMW,Luxury,2019,76679,Excellent,19832.1
Honda,SUV,2023,82883,Fair,15211.699999999999
Tesla,Sedan,2022,78596,Excellent,24140.4
Honda,Sedan,2014,128963,Fair,2000.0
BMW,Sedan,2022,61838,Fair,25816.2
Tesla,Luxury,2018,113861,Excellent,14613.9
Honda,Sedan,2017,137322,Excellent,2000.0
Tesla,Luxury,2012,3257,Good,16674.3
Honda,Luxury,2022,117613,Good,5238.699999999999
BMW,Hybrid,2012,6774,Fair,16322.6
BMW,SUV,2016,99950,Good,18005.0
BMW,Hybrid,2018,27331,Excellent,23266.9
Toyota,SUV,2016,86699,Fair,4330.1
BMW,Luxury,2020,44541,Fair,24545.9
Toyota,Luxury,2018,110696,Excellent,2000.0
Ford,Hybrid,2022,95489,Good,7451.1
BMW,Sedan,2012,108562,Fair,6143.799999999999
Honda,Sedan,2023,83327,Excellent,10167.3
Tesla,Sedan,2019,149192,Excellent,12580.8
Toyota,Hybrid,2018,31694,Excellent,7830.6
Ford,SUV,2010,70511,Fair,2000.0
Honda,Hybrid,2013,22526,Good,2000.0
BMW,SUV,2020,45712,Fair,29428.8
BMW,Hybrid,2011,141126,Good,2000.0
Honda,Sedan,2011,125215,Fair,2000.0
Honda,Hybrid,2013,112025,Good,2000.0
Toyota,Sedan,2021,69636,Fair,8536.4
Honda,Hybrid,2011,665,Excellent,2000.0
Honda,SUV,2022,36406,Fair,18359.4
Tesla,Sedan,2018,33953,Excellent,22604.7
Ford,SUV,2012,62942,Excellent,2000.0
BMW,Sedan,2019,69220,Fair,20578.0
Honda,SUV,2010,29768,Fair,2000.0
Ford,Sedan,2019,119515,Good,2000.0
BMW,Hybrid,2018,107448,Excellent,15255.199999999999
Ford,Hybrid,2016,75199,Good,2000.0
Tesla,Hybrid,2014,104687,Good,9531.3
BMW,Sedan,2021,126154,Fair,17884.6
BMW,Luxury,2016,100749,Excellent,12925.099999999999
Toyota,Hybrid,2010,63763,Excellent,2000.0
Honda,Luxury,2021,117223,Excellent,3777.699999999999
Ford,SUV,2014,93668,Excellent,2000.0
BMW,SUV,2019,147037,Good,17796.3
Ford,Sedan,2013,95441,Excellent,2000.0
Tesla,Sedan,2017,47330,Fair,19767.0
BMW,Luxury,2021,47468,Excellent,25753.2
Toyota,SUV,2017,135219,Good,2000.0
