location,propertyType,area,bedrooms,bathrooms,price
Downtown,Apartment,2991,4,3,638650
Downtown,Apartment,3536,3,1,710400
Suburbs,Studio,4436,5,2,765400
Downtown,Penthouse,3766,5,3,964900
Suburbs,Studio,3127,4,3,559050
Suburbs,Apartment,3467,3,3,600050
Countryside,Penthouse,2221,4,2,623150
Countryside,Villa,1408,2,2,481200
Suburbs,Villa,3891,3,2,863650
Uptown,Apartment,1185,3,1,357750
Countryside,Apartment,4898,5,2,834700
Uptown,Villa,1489,3,3,603350
Downtown,Penthouse,2089,2,3,683350
Uptown,Villa,3595,4,2,929250
Uptown,Villa,2878,1,2,791700
Countryside,Villa,3598,3,3,819700
Countryside,Apartment,4344,3,3,731600
Uptown,Apartment,4562,1,1,844300
Suburbs,Penthouse,3652,2,2,817800
Uptown,Studio,4571,5,1,885650
Suburbs,Apartment,4673,3,1,780950
Uptown,Penthouse,924,3,2,518600
Downtown,Villa,2194,2,1,699100
Downtown,Studio,748,3,2,292200
Countryside,Apartment,3730,3,3,639500
Countryside,Studio,1489,3,1,303350
Downtown,Apartment,3142,2,1,641300
Downtown,Apartment,1043,3,1,336450
Uptown,Studio,650,5,3,297500
Uptown,Apartment,4221,2,3,803150
Uptown,Villa,2204,4,3,720600
Suburbs,Villa,4535,4,2,970250
Uptown,Studio,1363,5,2,404450
Suburbs,Apartment,1319,3,2,277850
Downtown,Studio,2996,4,2,639400
Countryside,Studio,2237,5,2,435550
Downtown,Penthouse,1217,2,2,552550
Downtown,Apartment,3922,1,2,748300
Suburbs,Studio,4735,3,2,790250
Uptown,Apartment,3999,2,3,769850
Countryside,Apartment,2547,5,1,482050
Countryside,Apartment,4979,5,2,846850
Uptown,Studio,1331,4,2,389650
Countryside,Apartment,3567,1,3,595050
Downtown,Penthouse,1849,3,1,657350
Countryside,Studio,3455,5,1,618250
Uptown,Studio,2745,2,3,581750
Downtown,Villa,4518,4,3,1067700
Countryside,Villa,3360,5,1,804000
Suburbs,Villa,3482,4,3,812300
Countryside,Villa,1783,1,2,527450
Suburbs,Villa,1458,5,3,518700
Uptown,Villa,4927,4,3,1129050
Suburbs,Studio,797,4,1,209550
Countryside,Penthouse,2051,4,2,597650
Countryside,Penthouse,805,2,2,390750
Suburbs,Apartment,3971,2,2,665650
Downtown,Villa,4484,2,1,1042600
Uptown,Penthouse,2005,4,2,690750
Countryside,Studio,3642,2,1,616300
Countryside,Villa,3653,2,1,817950
Countryside,Apartment,3274,1,1,551100
Uptown,Apartment,4544,1,3,841600
Suburbs,Penthouse,4251,3,1,917650
Downtown,Villa,4281,3,1,1022150
Countryside,Apartment,902,5,2,235300
Uptown,Villa,1445,2,3,586750
Suburbs,Studio,2537,3,3,460550
Countryside,Apartment,3323,2,3,568450
Downtown,Villa,2904,4,2,825600
Suburbs,Apartment,2254,1,1,398100
Countryside,Apartment,1439,4,3,305850
Suburbs,Apartment,2153,5,1,422950
Downtown,Studio,1282,4,2,382300
Uptown,Penthouse,4799,4,1,1109850
Downtown,Penthouse,4987,4,3,1138050
Countryside,Villa,3353,2,3,772950
Uptown,Apartment,1987,3,2,478050
Suburbs,Studio,2112,1,3,376800
Downtown,Studio,2207,5,3,531050
Uptown,Villa,4647,2,1,1067050
Uptown,Studio,3544,5,2,731600
Uptown,Apartment,3918,1,2,747700
Suburbs,Villa,4166,4,3,914900
Downtown,Studio,2025,4,2,493750
Countryside,Villa,3646,2,3,816900
Uptown,Apartment,2402,1,1,520300
Uptown,Studio,4155,1,3,783250
Uptown,Apartment,1581,4,3,427150
Countryside,Studio,2987,1,1,508050
Uptown,Studio,3652,3,1,727800
Suburbs,Villa,1414,5,1,512100
Uptown,Villa,803,4,1,510450
Uptown,Apartment,4716,2,2,877400
Countryside,Studio,961,3,2,224150
Downtown,Penthouse,3009,5,1,851350
Suburbs,Penthouse,815,1,2,382250
Countryside,Villa,3916,1,1,847400
Countryside,Villa,897,1,1,394550
Countryside,Apartment,549,4,3,172350
Uptown,Penthouse,3902,1,3,945300
Uptown,Villa,2783,2,1,787450
Suburbs,Penthouse,4543,3,1,961450
Suburbs,Apartment,3600,4,1,630000
Downtown,Villa,3763,3,1,944450
Countryside,Studio,4120,5,1,718000
Uptown,Penthouse,3505,5,2,925750
Suburbs,Villa,1466,2,3,489900
Suburbs,Villa,2223,2,2,603450
Downtown,Villa,1590,4,1,628500
Uptown,Apartment,2071,2,2,480650
Downtown,Villa,3206,1,3,840900
Uptown,Studio,3115,1,1,627250
Uptown,Apartment,2589,4,1,578350
Countryside,Villa,2295,1,2,604250
Countryside,Penthouse,3367,5,3,805050
Suburbs,Villa,621,1,1,353150
Downtown,Penthouse,1685,4,2,642750
Suburbs,Penthouse,4074,3,3,891100
Uptown,Villa,631,1,2,454650
Countryside,Villa,4876,5,3,1031400
Countryside,Villa,1951,4,1,582650
Suburbs,Apartment,1668,4,3,340200
Suburbs,Villa,2763,2,1,684450
Uptown,Penthouse,1048,4,3,547200
Downtown,Apartment,3877,3,1,761550
Countryside,Villa,635,5,1,395250
Uptown,Penthouse,1778,5,1,666700
Suburbs,Villa,2627,1,1,654050
Downtown,Apartment,4693,1,2,863950
Uptown,Studio,2356,1,2,513400
Downtown,Studio,2587,4,1,578050
Countryside,Penthouse,1811,2,1,541650
Downtown,Studio,3659,5,1,748850
Countryside,Studio,4553,2,2,752950
Uptown,Apartment,1800,2,2,440000
Countryside,Studio,3824,3,1,653600
Suburbs,Villa,3086,5,2,762900
Countryside,Villa,1827,1,3,534050
Uptown,Studio,586,4,3,277900
Uptown,Penthouse,4100,4,3,1005000
Countryside,Villa,1368,3,2,485200
Suburbs,Villa,3921,2,3,858150
Suburbs,Penthouse,4233,2,2,904950
Countryside,Apartment,2525,3,3,458750
Countryside,Studio,1045,5,1,256750
Countryside,Villa,2439,5,3,665850
Uptown,Villa,1819,3,1,652850
Suburbs,Studio,2821,1,2,483150
Countryside,Penthouse,4790,5,2,1018500
Uptown,Studio,774,4,2,306100
Uptown,Penthouse,3777,1,2,926550
Countryside,Villa,2154,4,1,613100
Uptown,Studio,3603,4,1,730450
Countryside,Villa,4370,4,3,945500
Downtown,Villa,1621,4,2,633150
Uptown,Villa,2641,1,3,756150
Countryside,Studio,3411,5,3,611650
Uptown,Penthouse,1587,2,3,608050
Suburbs,Villa,2560,2,1,654000
Downtown,Studio,2575,1,3,546250
Downtown,Penthouse,3835,4,3,965250
Downtown,Penthouse,3661,2,3,919150
Suburbs,Villa,1573,3,3,515950
Downtown,Apartment,3886,5,2,782900
Downtown,Penthouse,3927,2,2,959050
Suburbs,Penthouse,3913,4,2,876950
Downtown,Studio,4575,3,3,866250
Downtown,Studio,3671,4,3,740650
Countryside,Studio,3241,5,2,586150
Suburbs,Penthouse,2853,1,1,687950
Suburbs,Penthouse,3143,4,1,761450
Countryside,Penthouse,3102,2,2,735300
Suburbs,Studio,3309,5,1,596350
Suburbs,Penthouse,3484,4,3,812600
Suburbs,Apartment,2980,5,2,547000
Suburbs,Penthouse,2361,5,3,654150
Suburbs,Villa,539,3,2,360850
Suburbs,Apartment,1183,2,3,247450
Downtown,Villa,2468,1,1,730200
Downtown,Villa,2652,4,1,787800
Suburbs,Penthouse,4359,5,2,953850
Countryside,Apartment,4509,3,3,756350
Countryside,Villa,3900,2,1,855000
Countryside,Apartment,4864,4,2,819600
Suburbs,Apartment,2998,5,3,549700
Suburbs,Studio,2459,2,1,438850
Uptown,Villa,1247,2,2,557050
Downtown,Studio,3375,5,2,706250
Uptown,Penthouse,3479,4,3,911850
Countryside,Apartment,628,3,1,174200
Downtown,Villa,573,4,3,475950
Downtown,Studio,2896,5,1,634400
Suburbs,Apartment,2085,5,3,412750
Suburbs,Villa,4257,3,2,918550
Uptown,Apartment,3497,5,2,724550
Suburbs,Studio,2028,4,1,394200
Downtown,Apartment,2621,5,3,593150
Countryside,Villa,2150,3,2,602500
Suburbs,Penthouse,4466,1,3,929900
Suburbs,Penthouse,4212,4,1,921800
Countryside,Studio,2851,3,3,507650
Countryside,Apartment,874,2,1,201100
Countryside,Penthouse,4604,4,2,980600
Downtown,Apartment,3112,4,1,656800
Suburbs,Villa,3411,1,2,771650
Suburbs,Apartment,4151,1,2,682650
Downtown,Studio,2787,3,2,598050
Uptown,Penthouse,1699,5,1,654850
Uptown,Penthouse,3261,3,2,869150
Suburbs,Villa,3859,1,3,838850
Countryside,Villa,2168,4,3,615200
Downtown,Penthouse,3046,5,2,856900
Downtown,Studio,4037,4,3,795550
Countryside,Villa,3708,4,2,846200
Suburbs,Studio,2623,2,3,463450
Uptown,Studio,1913,2,1,456950
Uptown,Penthouse,1387,3,1,588050
Downtown,Studio,2835,3,3,605250
Countryside,Apartment,4140,4,1,711000
Uptown,Apartment,817,3,3,302550
Countryside,Studio,1731,4,1,349650
Suburbs,Studio,4112,3,3,696800
Uptown,Penthouse,3164,5,1,874600
Suburbs,Apartment,629,5,3,194350
Downtown,Apartment,1844,3,2,456600
Downtown,Penthouse,4667,1,1,1060050
Suburbs,Apartment,2221,2,1,403150
Uptown,Penthouse,4581,3,3,1067150
Suburbs,Villa,2266,2,1,609900
Suburbs,Studio,2771,3,1,495650
Suburbs,Penthouse,506,3,3,355900
Uptown,Penthouse,4851,2,1,1097650
Countryside,Apartment,4214,3,2,712100
Uptown,Apartment,1048,4,2,347200
Downtown,Studio,2398,2,3,529700
Suburbs,Villa,2803,5,2,720450
Countryside,Apartment,1974,2,2,366100
Countryside,Studio,975,4,2,236250
Suburbs,Penthouse,3171,2,1,745650
Suburbs,Apartment,3142,2,1,541300
Downtown,Villa,1110,5,3,566500
Uptown,Penthouse,1803,4,3,660450
Countryside,Penthouse,2790,2,3,688500
Downtown,Studio,3403,3,2,690450
Downtown,Villa,3148,2,2,842200
Suburbs,Villa,3560,4,3,824000
Countryside,Studio,3682,1,1,612300
Suburbs,Apartment,2710,1,1,466500
Countryside,Apartment,614,3,1,172100
Suburbs,Penthouse,1135,3,1,450250
Countryside,Studio,3139,3,2,550850
Downtown,Villa,4235,5,2,1035250
Suburbs,Penthouse,1661,1,3,509150
Suburbs,Apartment,1509,5,3,326350
Countryside,Villa,4990,2,2,1018500
Uptown,Penthouse,3581,2,3,907150
Uptown,Villa,4322,4,1,1038300
Countryside,Apartment,2603,4,3,480450
Suburbs,Penthouse,3339,1,2,760850
Uptown,Apartment,1211,3,1,361650
Suburbs,Studio,1074,2,2,231100
Uptown,Penthouse,4706,4,1,1095900
Uptown,Villa,4205,1,1,990750
Countryside,Villa,1898,5,1,584700
Suburbs,Apartment,4913,5,2,836950
Countryside,Studio,1517,2,3,297550
Downtown,Apartment,2471,2,1,540650
Countryside,Penthouse,1750,1,2,522500
Downtown,Studio,3558,1,2,693700
Countryside,Apartment,1249,3,2,267350
Downtown,Apartment,1558,5,2,433700
Uptown,Studio,2547,1,3,542050
Uptown,Studio,4325,2,1,818750
Uptown,Studio,1526,4,1,418900
Suburbs,Penthouse,1904,3,1,565600
Suburbs,Villa,1442,5,2,516300
Countryside,Villa,3304,4,3,785600
Countryside,Studio,3383,4,3,597450
Suburbs,Villa,4044,3,2,886600
Uptown,Studio,1206,3,2,360900
Suburbs,Studio,4703,5,1,805450
Countryside,Studio,3988,2,1,668200
Uptown,Villa,3834,1,1,935100
Uptown,Studio,1491,3,1,403650
Uptown,Villa,3569,2,1,905350
Countryside,Penthouse,1720,1,1,518000
Suburbs,Studio,4918,2,2,807700
Countryside,Villa,2519,5,2,677850
Uptown,Apartment,1782,3,1,447300
Downtown,Penthouse,4362,1,1,1014300
Uptown,Apartment,3871,1,2,740650
Uptown,Penthouse,4759,4,2,1103850
Suburbs,Penthouse,4932,2,1,1009800
Downtown,Penthouse,1254,5,3,588100
Downtown,Villa,2187,2,2,698050
Uptown,Apartment,4507,5,3,876050
Suburbs,Penthouse,3686,4,2,842900
Downtown,Penthouse,1145,5,1,571750
Countryside,Studio,4625,1,2,753750
Downtown,Apartment,1656,4,1,438400
Countryside,Studio,1065,3,3,239750
Uptown,Villa,3749,4,3,952350
Uptown,Apartment,954,2,2,313100
Downtown,Studio,1682,2,1,422300
Uptown,Villa,4993,5,3,1148950
Uptown,Villa,3844,2,1,946600
Uptown,Apartment,4213,3,3,811950
Uptown,Studio,4630,5,3,894500
Suburbs,Studio,1964,4,3,384600
Uptown,Studio,769,4,2,305350
Suburbs,Apartment,929,5,1,239350
Downtown,Villa,1735,2,3,630250
Uptown,Penthouse,972,2,2,515800
Uptown,Villa,1743,1,1,621450
Suburbs,Villa,2109,4,3,606350
Suburbs,Penthouse,3128,2,3,739200
Suburbs,Villa,2251,1,1,597650
Suburbs,Villa,1274,1,2,451100
Uptown,Villa,1181,2,2,547150
Suburbs,Penthouse,4894,5,2,1034100
Countryside,Villa,3465,1,1,779750
Uptown,Penthouse,3977,2,3,966550
Countryside,Apartment,793,4,1,208950
Suburbs,Studio,879,1,3,191850
Countryside,Villa,3664,4,1,839600
Countryside,Studio,2630,2,1,464500
Uptown,Penthouse,2727,5,3,809050
Suburbs,Villa,1497,5,2,524550
Downtown,Studio,2456,1,2,528400
Countryside,Apartment,4934,2,1,810100
Suburbs,Villa,2322,4,1,638300
Downtown,Villa,3068,2,3,830200
Uptown,Villa,962,3,3,524300
Countryside,Studio,1947,4,1,382050
Uptown,Penthouse,2851,5,3,827650
Uptown,Apartment,1601,2,1,410150
Uptown,Studio,3808,4,1,761200
Downtown,Villa,4731,3,2,1089650
Uptown,Villa,4083,3,1,992450
Suburbs,Studio,1686,1,3,312900
Suburbs,Apartment,1803,3,1,350450
Countryside,Apartment,4089,5,3,713350
Downtown,Villa,3456,4,3,908400
Suburbs,Penthouse,3627,5,3,844050
Suburbs,Villa,4458,3,1,948700
Uptown,Penthouse,1992,2,3,668800
Countryside,Studio,1796,2,3,339400
Uptown,Apartment,2643,2,1,566450
Countryside,Studio,4165,4,2,714750
Uptown,Apartment,1472,4,3,410800
Downtown,Penthouse,548,4,2,472200
Countryside,Villa,1029,1,2,414350
Downtown,Penthouse,4327,3,1,1029050
Downtown,Penthouse,3848,2,3,947200
Downtown,Penthouse,766,2,3,484900
Downtown,Villa,2063,1,1,669450
Countryside,Penthouse,3559,2,1,803850
Uptown,Apartment,1530,2,1,399500
Suburbs,Studio,656,2,1,168400
Uptown,Villa,4305,4,1,1035750
Countryside,Studio,4348,5,1,752200
Countryside,Penthouse,1566,4,3,524900
Suburbs,Studio,3709,2,3,626350
Countryside,Penthouse,3608,1,1,801200
Downtown,Penthouse,1122,2,2,538300
Suburbs,Studio,812,3,3,201800
Downtown,Studio,4450,2,2,837500
Uptown,Penthouse,4146,2,3,991900
Downtown,Apartment,1869,3,2,460350
Suburbs,Penthouse,4373,1,1,915950
Downtown,Studio,1252,3,3,367800
Suburbs,Studio,561,5,1,184150
Downtown,Villa,4858,4,1,1118700
Suburbs,Studio,3315,5,2,597250
Uptown,Apartment,2373,5,1,555950
Uptown,Penthouse,4645,1,2,1056750
Downtown,Studio,1139,4,2,360850
Uptown,Villa,2680,4,2,792000
Uptown,Penthouse,3148,3,1,852200
Countryside,Villa,2173,5,2,625950
Uptown,Apartment,2685,5,3,602750
Suburbs,Villa,1985,3,2,577750
Downtown,Penthouse,1597,1,1,599550
Downtown,Villa,4975,3,1,1126250
Suburbs,Studio,3003,3,2,530450
Downtown,Penthouse,1078,4,1,551700
Uptown,Penthouse,2323,5,3,748450
Downtown,Studio,501,3,2,255150
Downtown,Penthouse,1170,5,3,575500
Suburbs,Penthouse,4727,3,3,989050
Downtown,Apartment,4459,3,1,848850
Countryside,Villa,4349,1,3,912350
Uptown,Apartment,2886,4,2,622900
Suburbs,Studio,2845,5,2,526750
Suburbs,Apartment,2880,4,2,522000
Suburbs,Apartment,4154,5,2,723100
Suburbs,Apartment,2614,1,1,452100
Uptown,Villa,3775,3,3,946250
Countryside,Studio,1503,4,3,315450
Uptown,Penthouse,2705,5,1,805750
Countryside,Villa,3308,4,3,786200
Uptown,Penthouse,4039,4,2,995850
Countryside,Apartment,2787,4,3,508050
Uptown,Apartment,3558,1,1,693700
Countryside,Penthouse,3693,1,1,813950
Suburbs,Penthouse,3792,4,2,858800
Uptown,Apartment,4764,4,2,904600
Downtown,Studio,3192,5,1,678800
Downtown,Villa,1114,2,1,537100
Uptown,Villa,2894,4,2,824100
Downtown,Apartment,609,4,2,281350
Countryside,Penthouse,4977,5,3,1046550
Downtown,Studio,3692,4,3,743800
Countryside,Studio,4694,1,2,764100
Suburbs,Studio,3341,4,3,591150
Countryside,Apartment,4843,4,3,816450
Downtown,Penthouse,3718,2,3,927700
Suburbs,Villa,3971,3,3,875650
Suburbs,Apartment,2084,3,3,392600
Suburbs,Villa,1423,2,3,483450
Downtown,Villa,3822,4,3,963300
Downtown,Apartment,4029,5,2,804350
Suburbs,Villa,3389,4,1,798350
Countryside,Villa,4777,5,1,1016550
Countryside,Villa,3202,4,3,770300
Countryside,Studio,1830,5,3,374500
Suburbs,Villa,574,1,1,346100
Suburbs,Villa,3263,5,3,789450
Downtown,Penthouse,3667,5,1,950050
Downtown,Villa,4966,5,3,1144900
Countryside,Studio,1957,4,1,383550
Uptown,Villa,2976,5,3,846400
Uptown,Apartment,573,3,1,265950
Downtown,Studio,730,1,2,269500
Suburbs,Apartment,2554,5,2,483100
Uptown,Apartment,709,4,2,296350
Suburbs,Villa,3316,5,1,797400
Suburbs,Penthouse,2066,2,1,579900
Countryside,Apartment,3660,4,1,639000
Countryside,Studio,1704,4,2,345600
Uptown,Studio,3688,5,1,753200
Countryside,Studio,4671,5,1,800650
Suburbs,Villa,2441,1,1,626150
Countryside,Apartment,2826,5,2,523900
Downtown,Studio,3071,3,3,640650
Countryside,Villa,3398,5,3,809700
Suburbs,Apartment,3570,3,1,615500
Suburbs,Studio,2182,1,3,387300
Suburbs,Studio,1584,1,2,297600
Downtown,Studio,2305,3,3,525750
Countryside,Villa,3662,5,3,849300
Countryside,Studio,3287,4,1,583050
Countryside,Apartment,1545,5,1,331750
Uptown,Studio,3369,2,1,675350
Downtown,Villa,4013,5,2,1001950
Suburbs,Studio,4378,2,2,726700
Suburbs,Studio,1334,2,1,270100
Downtown,Studio,3573,4,3,725950
Suburbs,Apartment,4447,4,1,757050
Uptown,Apartment,3383,4,1,697450
Suburbs,Studio,3956,2,2,663400
Uptown,Studio,2638,1,2,555700
Uptown,Studio,3692,1,3,713800
Countryside,Penthouse,1084,2,3,432600
Uptown,Apartment,4352,2,2,822800
Suburbs,Apartment,3195,4,2,569250
Downtown,Studio,2296,4,1,534400
Countryside,Studio,4721,4,1,798150
Downtown,Penthouse,2853,2,3,797950
Uptown,Studio,4923,4,2,928450
Countryside,Apartment,4381,3,2,737150
Uptown,Villa,2760,1,3,774000
Countryside,Studio,3512,2,1,596800
Uptown,Villa,702,5,3,505300
Downtown,Penthouse,3655,4,1,938250
Downtown,Villa,3086,3,1,842900
Uptown,Apartment,4962,3,1,924300
Uptown,Villa,967,4,3,535050
Uptown,Penthouse,4537,3,1,1060550
Suburbs,Villa,2947,4,2,732050
Countryside,Villa,2824,2,3,693600
Countryside,Penthouse,905,4,2,425750
Downtown,Villa,727,1,2,469050
Downtown,Studio,4569,4,1,875350
Countryside,Penthouse,3485,1,2,782750
Countryside,Studio,4979,1,3,806850
Countryside,Apartment,2428,5,1,464200
Suburbs,Studio,2261,2,3,409150
Uptown,Villa,4629,4,1,1084350
Uptown,Penthouse,3232,2,1,854800
Countryside,Studio,1315,3,2,277250
Countryside,Apartment,2775,3,3,496250
Downtown,Villa,691,3,3,483650
Countryside,Villa,792,1,3,378800
Countryside,Penthouse,682,1,2,362300
Downtown,Villa,3971,4,2,985650
Countryside,Apartment,3698,1,3,614700
Countryside,Apartment,3641,4,2,636150
Downtown,Penthouse,3669,5,2,950350
Uptown,Villa,3951,1,3,952650
Countryside,Villa,2102,3,2,595300
Uptown,Villa,4622,2,1,1063300
Downtown,Villa,2501,1,1,735150
Countryside,Penthouse,1733,5,2,559950
Countryside,Apartment,3034,2,2,525100
Countryside,Villa,2651,5,3,697650
Suburbs,Villa,4361,5,2,954150
Countryside,Villa,3639,1,2,805850
Uptown,Studio,4093,1,2,773950
Uptown,Apartment,806,2,3,290900
Countryside,Apartment,3041,2,3,526150
Uptown,Studio,1968,1,3,455200
Suburbs,Apartment,1896,3,3,364400
Suburbs,Villa,639,5,1,395850
Downtown,Studio,1463,1,1,379450
Downtown,Apartment,2715,1,3,567250
Countryside,Penthouse,1962,1,3,554300
Uptown,Penthouse,4502,2,2,1045300
Downtown,Villa,2300,5,2,745000
Downtown,Studio,1911,5,2,486650
Uptown,Studio,2234,1,1,495100
Uptown,Apartment,4321,2,1,818150
Suburbs,Studio,1561,1,3,294150
Countryside,Penthouse,3630,3,1,824500
Suburbs,Penthouse,2746,2,2,681900
Uptown,Apartment,1851,1,3,437650
Suburbs,Villa,3756,4,1,853400
Countryside,Apartment,3092,2,3,533800
Downtown,Penthouse,2439,3,1,745850
Countryside,Penthouse,4913,3,2,1016950
Countryside,Apartment,4143,1,2,681450
Downtown,Apartment,1676,1,2,411400
Downtown,Studio,4709,1,1,866350
Countryside,Villa,4495,1,3,934250
Countryside,Villa,1201,4,2,470150
Suburbs,Apartment,1145,4,1,261750
Uptown,Apartment,4734,1,3,870100
Downtown,Penthouse,1276,4,3,581400
Suburbs,Penthouse,1438,2,2,485700
Uptown,Studio,1707,1,1,416050
Downtown,Penthouse,1934,3,1,670100
Uptown,Studio,2224,4,3,523600
Suburbs,Penthouse,1484,4,3,512600
Countryside,Villa,990,5,2,448500
Uptown,Apartment,2512,4,2,566800
Uptown,Apartment,4346,4,1,841900
Uptown,Studio,2617,3,2,572550
Uptown,Apartment,3118,4,1,657700
Uptown,Apartment,3569,4,1,725350
Suburbs,Studio,4916,4,3,827400
Countryside,Apartment,1588,5,1,338200
Countryside,Villa,561,1,1,344150
Uptown,Penthouse,4959,5,3,1143850
Suburbs,Villa,728,1,3,369200
Suburbs,Apartment,1967,3,3,375050
Downtown,Apartment,4908,4,1,926200
Uptown,Villa,781,4,1,507150
Countryside,Studio,2118,3,1,397700
Uptown,Villa,1950,1,1,652500
Downtown,Apartment,4711,1,2,866650
Downtown,Villa,1955,5,3,693250
Suburbs,Studio,4489,2,3,743350
Downtown,Apartment,1305,1,1,355750
Suburbs,Studio,2138,4,3,410700
Downtown,Villa,4940,5,2,1141000
Countryside,Apartment,707,3,2,186050
Downtown,Penthouse,3993,1,1,958950
Uptown,Villa,4061,3,3,989150
Uptown,Villa,2938,3,1,820700
Uptown,Villa,3850,3,3,957500
Uptown,Studio,3586,5,1,737900
Countryside,Apartment,1055,2,1,228250
Uptown,Apartment,1927,3,2,469050
Countryside,Villa,3781,1,1,827150
Downtown,Apartment,3190,2,1,648500
Downtown,Studio,3223,4,3,673450
Uptown,Villa,2391,2,1,728650
Countryside,Villa,3101,2,3,735150
Downtown,Penthouse,633,2,3,464950
Suburbs,Penthouse,3741,4,1,851150
Downtown,Villa,1591,2,3,608650
Suburbs,Apartment,1278,3,2,271700
Uptown,Apartment,3462,3,2,699300
Uptown,Apartment,4472,4,1,860800
Downtown,Villa,3485,2,1,892750
Downtown,Studio,1795,3,1,449250
Downtown,Studio,2796,4,2,609400
Countryside,Apartment,1285,3,2,272750
Uptown,Penthouse,3891,2,1,953650
Countryside,Studio,2433,1,1,424950
Uptown,Villa,1930,5,3,689500
Suburbs,Villa,2585,1,2,647750
Countryside,Villa,4680,5,3,1002000
Countryside,Apartment,4815,2,3,792250
Suburbs,Penthouse,1894,1,1,544100
Downtown,Penthouse,4659,1,3,1058850
Suburbs,Apartment,4494,1,1,734100
Suburbs,Apartment,1850,5,2,377500
Countryside,Apartment,4371,5,2,755650
Uptown,Villa,1980,4,3,687000
Downtown,Penthouse,2403,5,2,760450
Uptown,Studio,2499,3,2,554850
Uptown,Apartment,2918,4,2,627700
Uptown,Studio,588,3,3,268200
Downtown,Penthouse,2020,3,2,683000
Suburbs,Apartment,4682,4,1,792300
Suburbs,Penthouse,1053,3,3,437950
Downtown,Penthouse,2270,1,2,700500
Downtown,Apartment,2963,2,1,614450
Countryside,Studio,4191,1,1,688650
Downtown,Villa,3499,2,1,894850
Countryside,Apartment,4007,3,1,681050
Countryside,Studio,2762,4,3,504300
Countryside,Studio,3601,3,3,620150
Uptown,Apartment,2828,3,2,604200
Downtown,Penthouse,4829,2,2,1094350
Uptown,Apartment,2143,3,2,501450
Downtown,Apartment,1092,2,1,333800
Uptown,Villa,2035,2,3,675250
Downtown,Penthouse,1348,5,1,602200
Downtown,Apartment,2656,1,2,558400
Countryside,Studio,3600,2,2,610000
Uptown,Apartment,2387,2,3,528050
Uptown,Apartment,4080,2,1,782000
Uptown,Penthouse,2427,4,2,754050
Downtown,Apartment,1387,4,3,398050
Countryside,Studio,829,3,1,204350
Countryside,Penthouse,986,3,1,427900
Suburbs,Apartment,1916,5,3,387400
Countryside,Villa,4740,4,2,1001000
Downtown,Penthouse,919,1,3,497850
Countryside,Apartment,3833,3,1,654950
Suburbs,Villa,3593,3,1,818950
Countryside,Villa,4533,5,1,979950
Downtown,Penthouse,3212,5,2,881800
Countryside,Villa,3375,3,1,786250
Uptown,Villa,2857,1,3,788550
Uptown,Studio,626,3,1,273900
Countryside,Villa,3695,3,3,834250
Suburbs,Apartment,1616,2,2,312400
Countryside,Villa,1413,2,2,481950
Suburbs,Villa,4006,4,1,890900
Downtown,Studio,1696,5,3,454400
Suburbs,Penthouse,898,1,3,394700
Suburbs,Penthouse,1807,5,2,571050
Suburbs,Studio,4365,3,2,734750
Countryside,Apartment,4019,2,1,672850
Uptown,Villa,3540,4,2,921000
Suburbs,Apartment,3411,5,1,611650
Downtown,Studio,3885,3,3,762750
Suburbs,Apartment,2162,1,1,384300
Downtown,Penthouse,2143,4,2,711450
Downtown,Villa,2601,3,2,770150
Suburbs,Studio,3230,3,3,564500
Downtown,Villa,3302,2,3,865300
Uptown,Penthouse,2209,5,2,731350
Downtown,Penthouse,4604,1,3,1050600
Uptown,Apartment,3731,5,2,759650
Countryside,Apartment,4257,2,3,708550
Uptown,Apartment,3239,4,1,675850
Uptown,Villa,1515,2,3,597250
Suburbs,Studio,740,2,2,181000
Countryside,Apartment,558,4,2,173700
Countryside,Apartment,934,4,3,230100
Uptown,Penthouse,2830,5,2,824500
Suburbs,Penthouse,620,3,3,373000
Suburbs,Studio,3733,2,1,629950
Countryside,Studio,2386,3,2,437900
Countryside,Apartment,1340,2,1,271000
Uptown,Apartment,3428,2,1,684200
Downtown,Villa,846,2,3,496900
Downtown,Penthouse,4589,4,1,1078350
Suburbs,Studio,4371,5,3,755650
Countryside,Villa,4571,5,3,985650
Suburbs,Apartment,2298,4,3,434700
Downtown,Villa,1294,1,1,554100
Suburbs,Penthouse,3212,3,3,761800
Suburbs,Apartment,2314,5,1,447100
Uptown,Apartment,3937,3,2,770550
Countryside,Villa,3982,5,2,897300
Countryside,Apartment,3809,1,3,631350
Downtown,Apartment,2537,1,2,540550
Uptown,Studio,4049,2,2,777350
Countryside,Villa,3897,5,1,884550
Downtown,Apartment,3286,3,2,672900
Suburbs,Penthouse,3166,4,3,764900
Downtown,Apartment,2376,5,2,556400
Uptown,Studio,3315,1,3,657250
Countryside,Penthouse,4963,5,1,1044450
Countryside,Villa,1759,3,2,543850
Suburbs,Villa,633,3,1,374950
Uptown,Studio,1655,4,1,438250
Suburbs,Apartment,3010,3,3,531500
Countryside,Apartment,3685,1,3,612750
Uptown,Studio,2996,4,2,639400
Countryside,Apartment,2197,2,3,399550
Countryside,Studio,602,4,3,180300
Suburbs,Studio,1549,2,1,302350
Uptown,Apartment,3964,2,3,764600
Downtown,Studio,2720,3,3,588000
Uptown,Studio,3698,3,2,734700
Uptown,Studio,506,1,2,235900
Uptown,Studio,4570,2,1,855500
Countryside,Apartment,4003,1,1,660450
Uptown,Apartment,3824,4,3,763600
Countryside,Villa,2133,5,2,619950
Uptown,Penthouse,2865,5,2,829750
Uptown,Villa,3432,5,3,914800
Suburbs,Penthouse,4839,2,1,995850
Uptown,Villa,3664,3,1,929600
Countryside,Villa,4708,5,3,1006200
Downtown,Studio,747,4,2,302050
Countryside,Studio,613,4,2,181950
Suburbs,Villa,3399,1,1,769850
Countryside,Penthouse,4295,3,3,924250
Suburbs,Studio,2207,5,1,431050
Suburbs,Penthouse,3753,3,3,842950
Suburbs,Villa,809,4,3,411350
Suburbs,Apartment,3151,3,2,552650
Countryside,Apartment,1795,1,1,329250
Suburbs,Villa,1804,5,3,570600
Suburbs,Studio,2453,3,3,447950
Downtown,Apartment,3310,5,1,696500
Countryside,Studio,772,5,2,215800
Uptown,Penthouse,4626,2,3,1063900
Suburbs,Apartment,839,3,3,205850
Countryside,Apartment,4548,4,3,772200
Suburbs,Studio,638,3,3,175700
Countryside,Studio,578,1,2,146700
Suburbs,Apartment,3714,3,1,637100
Downtown,Villa,4316,1,2,1007400
Suburbs,Apartment,2115,1,3,377250
Suburbs,Villa,2333,3,3,629950
Countryside,Penthouse,1537,5,3,530550
Countryside,Penthouse,3735,4,2,850250
Suburbs,Apartment,4441,1,2,726150
Downtown,Penthouse,2564,5,2,784600
Downtown,Studio,2410,2,2,531500
Downtown,Apartment,1832,5,1,474800
Uptown,Penthouse,1561,2,3,604150
Uptown,Penthouse,3305,4,1,885750
Suburbs,Studio,4142,3,2,701300
Countryside,Studio,4063,5,1,709450
Countryside,Apartment,3570,4,1,625500
Downtown,Studio,2324,5,1,548600
Uptown,Studio,1218,5,1,382700
Downtown,Studio,568,2,2,255200
Suburbs,Penthouse,3896,3,3,864400
Suburbs,Studio,2944,2,2,511600
Countryside,Penthouse,519,2,2,347850
Suburbs,Penthouse,3311,4,2,786650
Uptown,Villa,3251,5,3,887650
Countryside,Villa,2191,1,3,588650
Suburbs,Penthouse,2894,5,3,734100
Suburbs,Penthouse,671,3,1,380650
Downtown,Villa,2506,3,2,755900
Uptown,Studio,4492,3,3,853800
Downtown,Penthouse,3065,1,1,819750
Suburbs,Penthouse,4155,2,3,893250
Countryside,Villa,4500,2,1,945000
Suburbs,Villa,2218,1,3,592700
Downtown,Studio,1305,1,1,355750
Countryside,Studio,2319,1,3,407850
Downtown,Villa,1261,3,1,569150
Uptown,Apartment,2243,4,1,526450
Downtown,Apartment,4355,3,1,833250
Countryside,Apartment,2227,5,1,434050
Suburbs,Studio,2793,4,2,508950
Countryside,Penthouse,2525,2,1,648750
Downtown,Studio,1139,4,1,360850
Suburbs,Villa,821,1,3,383150
Downtown,Villa,1764,5,1,664600
Countryside,Penthouse,3234,1,3,745100
Uptown,Penthouse,846,5,3,526900
Uptown,Studio,3352,2,2,672800
Uptown,Studio,1010,1,1,311500
Countryside,Apartment,1291,1,1,253650
Countryside,Villa,882,3,1,412300
Countryside,Villa,1189,2,2,448350
Countryside,Penthouse,4761,1,1,974150
Downtown,Apartment,1104,4,2,355600
Uptown,Apartment,4995,2,3,919250
Countryside,Apartment,4027,1,2,664050
Uptown,Penthouse,1711,5,2,656650
Suburbs,Villa,1097,2,3,434550
Countryside,Villa,4116,4,3,907400
Downtown,Villa,4406,4,2,1050900
Uptown,Apartment,722,5,2,308300
Countryside,Studio,2859,2,2,498850
Uptown,Villa,1209,2,1,551350
Countryside,Villa,2853,2,2,697950
Suburbs,Studio,3529,3,2,609350
Countryside,Studio,2773,3,3,495950
Downtown,Apartment,2220,4,1,523000
Suburbs,Penthouse,3784,3,2,847600
Countryside,Apartment,859,3,2,208850
Downtown,Apartment,1413,5,2,411950
Suburbs,Apartment,3788,5,2,668200
Downtown,Apartment,3779,5,2,766850
Countryside,Penthouse,4133,1,1,879950
Countryside,Studio,1428,1,3,274200
Uptown,Apartment,3835,1,2,735250
Countryside,Penthouse,868,1,3,390200
Suburbs,Villa,4595,3,2,969250
Countryside,Apartment,2689,2,3,473350
Suburbs,Studio,3012,1,2,511800
Downtown,Studio,655,3,1,278250
Suburbs,Villa,686,5,2,402900
Uptown,Studio,2534,4,2,570100
Uptown,Apartment,3708,5,1,756200
Downtown,Apartment,1149,4,3,362350
Uptown,Studio,4887,2,2,903050
Uptown,Studio,4266,3,1,819900
Countryside,Apartment,1031,2,3,224650
Downtown,Apartment,1825,3,3,453750
Uptown,Villa,4908,3,3,1116200
Uptown,Studio,1571,5,1,435650
Countryside,Penthouse,3060,4,2,749000
Countryside,Studio,903,1,1,195450
Downtown,Studio,1755,3,2,443250
Suburbs,Penthouse,1505,1,1,485750
Downtown,Villa,4775,1,1,1076250
Suburbs,Apartment,4872,2,2,800800
Countryside,Villa,2539,3,3,660850
Countryside,Penthouse,3188,1,2,738200
Suburbs,Villa,1789,1,3,528350
Downtown,Penthouse,1431,3,3,594650
Countryside,Penthouse,1608,4,2,531200
Downtown,Villa,4952,4,2,1132800
Downtown,Apartment,2391,4,2,548650
Suburbs,Villa,758,4,2,403700
Suburbs,Villa,1805,1,3,530750
Uptown,Apartment,4331,5,1,849650
Uptown,Villa,3402,5,2,910300
Suburbs,Villa,1874,2,2,551100
Downtown,Studio,4343,2,2,821450
Uptown,Studio,1119,5,2,367850
Countryside,Villa,4460,2,2,939000
Uptown,Penthouse,1953,1,1,652950
Countryside,Penthouse,2335,1,3,610250
Suburbs,Penthouse,3134,4,3,760100
Uptown,Villa,4714,3,1,1087100
Downtown,Apartment,3323,5,1,698450
Suburbs,Studio,3177,2,3,546550
Suburbs,Apartment,4454,3,2,748100
Countryside,Studio,3078,3,1,541700
Uptown,Apartment,3618,1,1,702700
Downtown,Apartment,725,1,3,268750
Uptown,Penthouse,649,4,1,487350
Uptown,Studio,3101,5,2,665150
Countryside,Studio,530,3,2,159500
Downtown,Penthouse,2189,3,1,708350
Downtown,Studio,2000,1,1,460000
Uptown,Penthouse,564,5,2,484600
Uptown,Villa,1041,5,3,556150
Countryside,Apartment,4543,1,1,741450
Suburbs,Studio,677,5,1,201550
Uptown,Villa,2079,4,2,701850
Countryside,Villa,2437,5,2,665550
Suburbs,Penthouse,2313,4,3,636950
Downtown,Villa,3772,3,1,945800
Uptown,Villa,1921,4,3,678150
Downtown,Villa,1143,2,3,541450
Uptown,Studio,1125,5,1,368750
Downtown,Villa,4299,5,3,1044850
Suburbs,Villa,1662,3,3,529300
Downtown,Villa,1543,3,3,611450
Suburbs,Penthouse,1699,2,2,524850
Downtown,Penthouse,3056,2,1,828400
Suburbs,Apartment,611,5,3,191650
Uptown,Penthouse,1366,5,2,604900
Suburbs,Villa,4570,1,3,945500
Downtown,Studio,1548,3,1,412200
Downtown,Studio,4838,2,3,895700
Downtown,Villa,3650,1,3,907500
Downtown,Apartment,1530,3,3,409500
Suburbs,Apartment,4865,3,3,809750
Countryside,Apartment,1053,3,2,237950
Countryside,Apartment,1905,1,3,345750
Uptown,Studio,1172,4,1,365800
Countryside,Studio,510,1,1,136500
Suburbs,Apartment,2121,5,2,418150
Uptown,Villa,1958,4,2,683700
Downtown,Villa,3406,3,1,890900
Suburbs,Penthouse,1758,3,1,543700
Downtown,Studio,4453,1,3,827950
Suburbs,Apartment,2286,3,2,422900
Countryside,Villa,2194,1,3,589100
Suburbs,Studio,4344,2,2,721600
Countryside,Studio,1465,3,2,299750
Countryside,Studio,4982,2,3,817300
Downtown,Studio,4492,3,2,853800
Uptown,Studio,4975,1,2,906250
Suburbs,Penthouse,3690,4,2,843500
Uptown,Villa,1435,1,2,575250
Uptown,Villa,3823,5,3,973450
Downtown,Penthouse,3957,3,1,973550
Uptown,Villa,2229,5,2,734350
Downtown,Villa,1488,3,1,603200
Suburbs,Studio,3798,1,1,629700
Suburbs,Studio,2958,5,2,543700
Uptown,Villa,726,3,2,488900
Suburbs,Studio,2151,1,3,382650
Uptown,Studio,948,5,1,342200
Uptown,Studio,3197,3,3,659550
Countryside,Apartment,811,2,2,191650
Suburbs,Villa,3312,1,2,756800
Suburbs,Villa,2613,5,3,691950
Suburbs,Apartment,3667,4,2,640050
Countryside,Villa,2447,2,1,637050
Downtown,Villa,2305,4,2,735750
Uptown,Penthouse,4161,4,3,1014150
Countryside,Penthouse,4527,5,2,979050
Downtown,Apartment,2078,3,2,491700
Countryside,Villa,3259,2,2,758850
Countryside,Apartment,1029,2,3,224350
Countryside,Villa,2396,3,3,639400
Countryside,Penthouse,2787,5,3,718050
Downtown,Studio,3919,1,1,747850
Downtown,Apartment,3490,1,3,683500
Suburbs,Villa,3925,3,3,868750
Countryside,Penthouse,541,1,3,341150
Uptown,Penthouse,4112,4,1,1006800
Uptown,Villa,1330,2,2,569500
Downtown,Penthouse,1657,5,1,648550
Suburbs,Apartment,989,5,1,248350
Uptown,Studio,3496,3,2,704400
Suburbs,Apartment,2936,2,2,510400
Suburbs,Villa,589,4,1,378350
Downtown,Studio,1581,2,1,407150
Countryside,Apartment,3524,2,3,598600
Countryside,Villa,1055,2,3,428250
Downtown,Villa,4157,1,1,983550
Uptown,Penthouse,3020,5,3,853000
Countryside,Villa,746,4,1,401900
Countryside,Apartment,1027,1,1,214050
Uptown,Studio,4213,1,3,791950
Uptown,Apartment,3904,3,2,765600
Suburbs,Studio,2204,2,3,400600
Suburbs,Villa,4581,5,3,987150
Suburbs,Studio,1152,4,1,262800
Uptown,Villa,942,1,3,501300
Uptown,Penthouse,1972,3,3,675800
Countryside,Studio,3356,5,3,603400
Countryside,Penthouse,2687,4,3,693050
Downtown,Villa,600,5,3,490000
Uptown,Apartment,3911,1,2,746650
Countryside,Studio,2012,3,1,381800
Uptown,Studio,4703,1,2,865450
Countryside,Studio,1549,1,1,292350
Downtown,Penthouse,4298,4,2,1034700
Countryside,Villa,3423,2,3,783450
Suburbs,Apartment,2944,2,3,511600
Uptown,Studio,1079,3,3,341850
Suburbs,Penthouse,3746,1,1,821900
Suburbs,Apartment,3042,3,1,536300
Countryside,Studio,2622,3,3,473300
Countryside,Studio,4966,3,3,824900
Uptown,Penthouse,1277,2,3,561550
Suburbs,Penthouse,827,3,2,404050
Suburbs,Villa,878,3,2,411700
Suburbs,Studio,732,5,2,209800
Suburbs,Villa,1664,1,3,509600
Countryside,Penthouse,4504,5,2,975600
Suburbs,Villa,2003,1,2,560450
Uptown,Apartment,2800,1,1,580000
Downtown,Studio,3832,2,2,744800
Suburbs,Studio,2858,3,1,508700
Suburbs,Villa,1754,5,2,563100
Countryside,Villa,3271,4,2,780650
Downtown,Apartment,2950,2,2,612500
Suburbs,Studio,1085,1,2,222750
Uptown,Apartment,3488,5,2,723200
Uptown,Studio,1337,2,3,370550
Downtown,Penthouse,1456,3,3,598400
Downtown,Penthouse,4904,1,1,1095600
Uptown,Apartment,515,2,3,247250
Downtown,Studio,1005,5,3,350750
Downtown,Studio,3651,1,1,707650
Uptown,Studio,4586,1,2,847900
Countryside,Villa,2718,3,2,687700
Countryside,Studio,2062,1,1,369300
Suburbs,Studio,1218,5,3,282700
Uptown,Villa,3636,1,2,905400
Countryside,Studio,4094,1,1,674100
Downtown,Studio,3240,1,3,646000
Uptown,Villa,4790,1,2,1078500
Uptown,Villa,3486,1,2,882900
Uptown,Villa,3858,3,3,958700
Downtown,Penthouse,4072,1,1,970800
Suburbs,Penthouse,2881,2,1,702150
Downtown,Villa,4682,4,2,1092300
Downtown,Villa,846,3,1,506900
Uptown,Studio,4357,4,2,843550
Downtown,Apartment,2295,3,2,524250
Suburbs,Studio,3375,1,1,566250
Downtown,Studio,3977,2,2,766550
Suburbs,Villa,3079,5,3,761850
Suburbs,Apartment,2564,3,1,464600
